dataset\B10_1.jpg,0.018258885432647427,0.017828135386752417,0.01820616736483987,0.017795331710705926,825.1974040354334,955.1411122822246,837.4843134842515,989.6027032054063,0.31226504652756837,0.19950668079666178,0.29691015469870996,0.17062325036476772,12.108042813325103,12.143301970610214,12.11733567660735,12.16326897200353
dataset\B10_2.jpg,0.017947423748829214,0.01753244676437172,0.0179007655828722,0.017445407113842317,832.8943774606296,967.1374542749087,837.3908095472443,1037.4991629983258,0.33714919700419815,0.22649004086511365,0.3287797451199101,0.1703114175325758,12.147013482925955,12.192079996583349,12.149721078011021,12.20091596286037
dataset\B10_3.jpg,0.01914494213178754,0.01875429451866543,0.01917792292645259,0.018679125879911482,706.2875246062985,837.9978299956605,703.425750492126,830.0968441936886,0.33594035225181235,0.2081966401873571,0.34027249057678616,0.2159843459323399,11.955227266831798,11.995075416774618,11.951688000912203,12.00966438148457
dataset\B10_4.jpg,0.01805274978640165,0.01752367450951554,0.018066788755689598,0.017593074605192188,908.8954232283464,1042.0543741087483,872.6365034448816,1108.9935519871028,0.3540805987350408,0.2596222112579585,0.37857597812095795,0.21214297553810907,12.16614506774674,12.208947689269188,12.158229316232827,12.216506213491733
dataset\B10_5.jpg,0.01951087135911548,0.018930151753251957,0.01941228825549672,0.018957342680922567,722.8849040354328,875.1586583173167,653.9929256889768,865.9238018476038,0.3962147909539582,0.2686626831614229,0.4527840622957503,0.2763761960127763,11.968512308621733,12.027698980586031,11.9654073625625,12.020356627964343
dataset\B10_6.jpg,0.01879182764777545,0.018229618023276398,0.018707261622783675,0.018227087449879054,663.1504675196846,821.0826461652925,646.637733759842,838.942091884184,0.4154625172933902,0.27622237359751683,0.43049853024911766,0.26044590074313473,12.017049949283482,12.073388970642352,12.02286764388114,12.081517646404041
dataset\B11_1.jpg,0.02306094039316411,0.02132705135199561,0.023078983795075562,0.021361989545371555,166.9842519685039,278.742451484903,182.82714074803152,289.5956351912704,0.6198601943279703,0.36573212464749505,0.5841848623725882,0.34101657698435117,11.172476475143709,11.382746992815374,11.181142132070786,11.386402120046691
dataset\B11_2.jpg,0.02100472309178127,0.019804842764476024,0.021130278889454384,0.01974828043088207,230.56428395669303,366.09312418624836,233.05271899606294,373.6412052824105,0.53365325091631,0.2599699571412636,0.5297362858827404,0.24471745774633888,11.42233590739125,11.586744104789938,11.41368436361997,11.59107925678235
dataset\B11_3.jpg,0.020781582104448502,0.019430387802572814,0.021033168932314158,0.01950561739281578,231.73259104330717,375.96608593217184,235.25529035433064,373.82794965589943,0.555956087744832,0.27794890267911293,0.5474575005318911,0.2820904862972747,11.457331323043595,11.638102211408066,11.444154026825633,11.627404553117604
dataset\B11_4.jpg,0.02074057064062585,0.019470506937443746,0.021137262182034836,0.0194121784282233,228.8790600393701,358.473122946246,218.94728100393712,361.30925661851336,0.5616980770839785,0.3144917927458651,0.5813947662140516,0.30901894900573085,11.460383720879474,11.628483435720849,11.424170371515626,11.631751904024904
dataset\B11_5.jpg,0.020604010850148232,0.019520589135886158,0.021198758769893154,0.019454508729601104,251.1287524606301,385.6472812945626,241.17408956692918,396.8823237646477,0.5259766485217452,0.27297040478901835,0.5454768457910173,0.2518268175515042,11.487500593888939,11.636320609961707,11.434518571691388,11.645063021752996
dataset\B11_6.jpg,0.021233361439946363,0.02008392554892216,0.02167974155585434,0.02003198964458676,223.64899114173232,351.35805071610145,214.28334153543304,352.5369210738423,0.5481314512941884,0.28961741153498194,0.5677212306230205,0.28720175541487836,11.40057444173556,11.552800916047035,11.359713277533025,11.557291723885546
dataset\B12_1.jpg,0.020618331560166125,0.01951743814438879,0.02105564632466157,0.019531810411862627,291.89124015748007,410.0455080910162,256.4843749999999,424.8585777171555,0.5324133208205314,0.3441534754653528,0.5891691622352426,0.3205221184188112,11.577819763973963,11.712441187766375,11.522391080983244,11.720799280369564
dataset\B12_2.jpg,0.019898609231078775,0.01898044459510016,0.020267922029014254,0.018981254677988887,319.1576033464564,439.3181226362451,274.4768085629922,429.247504495009,0.4842614624881242,0.2901219032421746,0.5572421438133339,0.30634480626318566,11.654298452584813,11.76870077685276,11.590714020164741,11.757229284061188
dataset\B12_3.jpg,0.019248237256269722,0.01851085321116711,0.01967504052160856,0.01840171618331506,325.8196358267717,448.6908053816109,286.16941437007864,444.3538347076695,0.5103997084297688,0.32650225330524496,0.5700970818183327,0.33296412815456755,11.741923942484075,11.851732329049835,11.68739541476737,11.855372214088643
dataset\B12_4.jpg,0.01861824699085864,0.017912242500380628,0.019084164070097127,0.017810014508281524,365.838029035433,476.23932047864145,308.65735728346453,475.5110670221342,0.4866670741101761,0.33160458895599304,0.5661594122771936,0.3326365353431384,11.841999831016015,11.934018584411541,11.76858436470889,11.9485721462246
dataset\B12_5.jpg,0.01939005262035553,0.018541769149340557,0.019768485473453973,0.018615427530282027,340.93719242125974,464.08946617893224,300.115342027559,449.44819889639774,0.4866369905655496,0.2981685691775071,0.5463788770994804,0.3203166442359625,11.726547295982137,11.83588889568306,11.667467830623798,11.825707780108802
dataset\B12_6.jpg,0.019186997498318897,0.018483421397189954,0.019681194260291086,0.018459072754288187,345.37881397637807,466.022072044144,296.99132627952764,459.9135718271437,0.49510599394845256,0.3169443371911307,0.5644507300442363,0.3258917673242599,11.749792233855883,11.853529490319186,11.681900199217328,11.851116205407374
dataset\B13_1.jpg,0.022606012115857967,0.021114023662158705,0.022279234142549596,0.021038881304297898,190.05554872047233,317.5770971541943,216.60716043307093,326.0617521235042,0.7183068223996879,0.5292415557973109,0.679448769494034,0.5166664278702594,11.385544242502286,11.588557120255214,11.437914455414447,11.599975161130082
dataset\B13_2.jpg,0.023382458697253153,0.021737123222915534,0.022981710452061776,0.021578448195267507,186.76808562992127,318.17961435922854,215.36921751968495,322.35290470580935,0.7132501274653257,0.5119938686053146,0.6698235077065519,0.505650526859656,11.328138542090745,11.546764681551165,11.379802350608966,11.55483554580504
dataset\B13_3.jpg,0.023513665456640343,0.021770167380129518,0.023192497599967856,0.02183839407236519,181.4836368110236,310.5950151900305,209.43054872047242,312.01209002417994,0.7103011239235515,0.5046997507318493,0.6667113352157124,0.5024657994204422,11.29457680238203,11.509195394875498,11.35040802414906,11.512986299040262
dataset\B13_4.jpg,0.024998716370728726,0.023459408291198403,0.025041821158214288,0.023413811411730184,184.60162401574803,281.10881021762043,182.01790108267713,296.75857151714297,0.6872783995125153,0.5239783586099759,0.6914025729052042,0.49747910860599515,11.188817399372093,11.362967104617985,11.187656129228277,11.38220757053595
dataset\B13_5.jpg,0.022791397856195276,0.021105465115956318,0.022474726136576827,0.02113313129744779,199.4852362204725,323.0869861739726,214.9717642716535,329.8089156178313,0.6749907386256071,0.47391601613035156,0.6502676290464644,0.4629787700172981,11.346949561929144,11.55155533038863,11.383783836953155,11.552774433518316
dataset\B13_6.jpg,0.022714726403579383,0.021111474670796174,0.02250972094035316,0.021141678643866384,195.13041338582664,317.18277636555274,213.0682209645669,318.39828879657756,0.6818034449739853,0.4837996291024175,0.653574060974519,0.481765772054837,11.342623411604146,11.547698439540067,11.381526885868002,11.547008095573934
dataset\B14_1.jpg,0.013937627796474627,0.013429146710316489,0.014521365316193628,0.01346231008907635,2503.734005905512,2968.1122202244424,2066.810162401576,2930.59148118296,0.442719686562868,0.3391126051596098,0.5391410301086538,0.34753869817451033,12.923862173641595,12.973863431215678,12.849272404383962,12.984381157550994
dataset\B14_2.jpg,0.014782222732161013,0.01415491481590943,0.01529875752392457,0.014233451526729533,2339.513287401574,2811.6281232562465,2004.2531988188973,2757.5178250356475,0.3733463323018517,0.24769991142984985,0.46419457835581385,0.26219857206503944,12.803284067044222,12.85932842003672,12.735142896282044,12.851195984879613
dataset\B14_3.jpg,0.014167064751636892,0.013558762309274629,0.014536992574705955,0.013513609379800175,2426.184485728346,2931.3667927335887,2170.5292814960635,2964.3912827825684,0.48133373698029785,0.37332329969785805,0.5354274399638097,0.3662515330287802,12.91273507421123,12.976416932852429,12.862793770644782,12.980280770694861
dataset\B14_4.jpg,0.013838445731757062,0.013340404036790187,0.014136581233902807,0.0133340632662464,2732.1328740157487,3242.261144522288,2427.7041092519703,3323.173476346953,0.40065505601569246,0.2891207843705594,0.4678310534256542,0.2713857737694482,12.91983947703655,12.979833890918005,12.883278065097588,12.982294748789712
dataset\B14_5.jpg,0.01465702256653773,0.014122016914189316,0.015243746345115772,0.014202900932160749,2641.969857283463,3125.1311922623854,2134.0471825787417,3045.20894041788,0.3809712659128155,0.26751273797677927,0.49928834800274186,0.28623873410085204,12.837423151889318,12.890181477857526,12.761610796167144,12.888192250208826
dataset\B14_6.jpg,0.014815464811802072,0.014234261710956961,0.015296283798057664,0.014212100053628374,2441.4822219488183,2938.78659557319,2154.1409940944864,2973.7787215574444,0.3893559538503901,0.26362210487773946,0.4599367424318474,0.25483664385250426,12.79653779887222,12.86067221690824,12.752781790280917,12.856663606326993
dataset\B15_1.jpg,0.012956040224392689,0.01246140799212254,0.012868706333255887,0.012440105105031915,881.2096456692914,1290.8908177816365,905.8266486220472,1287.825345650691,0.503357439652651,0.2735371141214395,0.4901104773387512,0.27522992707533195,12.793714230607783,12.888417423829507,12.812047011330028,12.894240817389798
dataset\B15_2.jpg,0.013098665969531022,0.01264118519750477,0.013099532636887677,0.012615920760895336,917.4108021653544,1309.7060574121151,891.3968996062996,1297.5475850951702,0.47798083851628004,0.2548064373581073,0.4931619785063682,0.26167368932540286,12.785136465881019,12.8627812669125,12.777258331114421,12.869798754198305
dataset\B15_3.jpg,0.01326003305640499,0.01277879560795209,0.013169255937095637,0.012704882906015035,857.5022760826772,1229.4059768119532,862.4914493110239,1275.4880029760066,0.5133068161432663,0.3026630118911693,0.5109573381510553,0.2765231682424803,12.764180284303876,12.845241626850463,12.77431410190114,12.85900187750457
dataset\B15_4.jpg,0.01356669818899294,0.01302194495010338,0.013593170907843413,0.012987657168106967,775.3294783464571,1122.6902473804946,773.5323572834644,1154.2537665075326,0.5243653097077309,0.31247690077171747,0.5256408941059497,0.29304780609851655,12.688749860677742,12.789341803769117,12.692062538425567,12.803168621702227
dataset\B15_5.jpg,0.013108484844357475,0.012678229487959625,0.013132999914271236,0.01262718946492122,899.5298966535432,1280.6903093806197,889.3859498031495,1294.2475664951335,0.49041590479847863,0.2749878081780336,0.49662811759067876,0.26728184781190656,12.782746093961313,12.859631097744801,12.773563116645095,12.869657664925265
dataset\B15_6.jpg,0.012891329160679471,0.01244968047692615,0.012946690322692725,0.012518959657127134,952.0939960629926,1346.522289044578,917.3987450787399,1328.0480500961,0.4775821272751373,0.26256061022214433,0.49756887704575303,0.27258577990681687,12.812167176081989,12.89626963205703,12.810464203542288,12.889872074036811
dataset\B16_1.jpg,0.03028999452890816,0.02784164565225681,0.029810838692396452,0.02789736899870086,161.83243110236225,292.64845929691853,189.8546382874017,294.750697501395,0.7969462856681635,0.6334054245097612,0.7619662374661148,0.630746645247406,11.053118790178697,11.314590726205957,11.113344363334416,11.307311377095322
dataset\B16_2.jpg,0.030787264501363792,0.02869842355243165,0.030307355091106505,0.028787893409694176,202.96456692913378,342.3607167214333,228.2068159448818,353.3922127844256,0.7517645391385394,0.582024240051187,0.7213619284785856,0.5685502529053335,11.073563540701857,11.281841626517869,11.138330639886846,11.28427351314706
dataset\B16_3.jpg,0.02808933269453632,0.025895945906596565,0.027417949141547663,0.025732142945547203,226.8114542322835,369.4103788207575,253.4104330708661,399.50139500278993,0.7611867468744742,0.6117118232994794,0.7335278276817077,0.5800582754661011,11.243474731342426,11.473962886349716,11.318931278222484,11.49385316438009
dataset\B16_4.jpg,0.02957340396080054,0.027356531606113607,0.02943591215423939,0.02716589044996434,221.07800196850403,350.63971727943454,226.0800935039371,370.8776117552235,0.7490651114095589,0.6021122477436285,0.7434825488478235,0.5791335077727803,11.113393837131882,11.330824047508951,11.136712226664088,11.33832394600597
dataset\B16_5.jpg,0.026421568776081743,0.024360368669375115,0.026109069157540528,0.024258217037573516,222.83267716535428,373.1526443052886,244.15126722440937,381.46729493459,0.7530986597154662,0.5871725482745548,0.7298002173442985,0.5779664295024984,11.28245868162513,11.506623332554268,11.334656807568116,11.513397746822722
dataset\B16_6.jpg,0.03249720409890554,0.03020118892433874,0.03201420429092455,0.0304095913647206,200.3827509842519,328.53921507843,211.5750492125985,338.77059954119903,0.7463597973871089,0.5841220019583747,0.7316122340888946,0.5711506899193813,10.96878021769933,11.19146889700294,11.007785475128642,11.181711927884521
dataset\B17_1.jpg,0.02549543906890165,0.023764332916617233,0.024823567116192106,0.023644981039076286,189.798720472441,299.4689689379379,217.20201771653538,302.65540331080655,0.5987681775413892,0.3673699872128308,0.5411479681039538,0.3604422235803206,11.1615005538844,11.347471548735323,11.227719387301194,11.35394917602368
dataset\B17_2.jpg,0.023407368592038673,0.022241286084605096,0.023393622903903958,0.022328051553271517,260.16726131889754,381.5548391096782,262.9702263779528,370.9311798623598,0.5067935540016363,0.277693187214703,0.5011841694225784,0.29781322213249906,11.379700741802651,11.50719602740639,11.383921759272418,11.504379799191085
dataset\B17_3.jpg,0.02333709985978249,0.0222167303249252,0.023147910892406844,0.02225407200880106,248.8377214566929,373.8638477276956,266.99231053149583,376.473618947238,0.5381747522013601,0.3074562441937174,0.5053418843752926,0.3026341302102497,11.384773821996387,11.518954451074233,11.408513997487146,11.52042980174496
dataset\B17_4.jpg,0.02261019666312328,0.021590024282402503,0.02242837515120966,0.021430260124934535,247.3422736220472,372.4132308264617,267.8024729330708,372.4947609895221,0.5561039856455502,0.3292451956907722,0.5182937763582258,0.3289614826204487,11.431515706029494,11.557939191146966,11.4604151849392,11.574034572210829
dataset\B17_5.jpg,0.022590271281642742,0.0214512365289359,0.02225595216274599,0.02135605048509075,267.1911909448819,394.18624837249655,299.4859128937008,397.6019592039187,0.5307574842540496,0.3057628427354417,0.4729255161587971,0.2996306162763194,11.467941813384527,11.587260200334573,11.499953633187332,11.59538380882883
dataset\B17_6.jpg,0.022956173837403407,0.021840506221902003,0.022814299286237214,0.02189096107654459,247.15735728346462,369.5530411060823,265.73628198818903,363.4573129146259,0.5379308058978588,0.30868233994049715,0.5025920156229877,0.3200397781631477,11.402294596349797,11.535897059163883,11.42046285563254,11.527944227207609
dataset\B18_1.jpg,0.016718708307399674,0.016449440304620182,0.022327420189979057,0.01640568269181815,974.5055979330707,1149.5346270692546,305.7145054133859,1146.5105090210188,0.31883244301365976,0.19709085116903344,0.7864362701041075,0.19918031844021242,12.3492670129467,12.384258412007709,11.76797573106089,12.366482199737204
dataset\B18_2.jpg,0.01672323458419901,0.01642979889566781,0.02249845451848385,0.01624225757838699,1067.282234251969,1251.6533573067147,322.6445004921258,1244.4858329716662,0.3052406240174901,0.1850626149377974,0.7904013260266821,0.18972731560889566,12.37182054066186,12.398664532682664,11.799100577939928,12.407519337426825
dataset\B18_3.jpg,0.01693817997871619,0.01669830360642236,0.02302908394100358,0.016574223083402263,978.1078371062993,1140.2160084320162,291.82191190944866,1127.7108934217867,0.3205545183456368,0.20655604037886882,0.796427039658891,0.21524254735275838,12.319685273205407,12.355800863950849,11.715188459647916,12.347180599470402
dataset\B18_4.jpg,0.01642481992203549,0.016179419121011892,0.022108215539551432,0.016007922945009547,947.1484990157476,1095.1863103726205,287.98228346456676,1106.7818215636437,0.34094410294976346,0.2361478060931472,0.7994432513455771,0.22785519993554273,12.368297293549304,12.397401095123373,11.773593459613735,12.392601817205707
dataset\B18_5.jpg,0.01623153366532242,0.015887645189519718,0.02198376953168509,0.015885467490486402,996.7643946850394,1157.4645669291342,283.3535925196851,1136.818773637547,0.3193792477892612,0.2091171487635703,0.8065410444480567,0.22319583967063408,12.389068437583953,12.425682870535722,11.778954571650628,12.422697426895297
dataset\B18_6.jpg,0.016797291501846466,0.016346765088721578,0.022426350381398615,0.016418798808278845,1024.9483267716537,1200.1695703391406,304.37167814960634,1190.5478950957906,0.31191380918774225,0.19436308743968206,0.7953664505566767,0.2006660445019517,12.359492936094671,12.404272706640944,11.779344231580094,12.38669523852393
dataset\B19_1.jpg,0.01201716081521267,0.011936110835711852,0.01290189245852746,0.01182188085826064,2164.4499261811034,2403.5705251410513,1300.775467519685,2848.471572943146,0.29457495864210853,0.21610418782153,0.575168544074907,0.07133550225093106,13.059980288646024,13.073393510844445,12.911482220825224,13.089878961435556
dataset\B19_2.jpg,0.012082795385656342,0.011952524061919082,0.012972969745504024,0.011838452457786273,2363.665169783465,2546.9011718023417,1282.7176427165352,2981.649141298284,0.2356243106930451,0.17618229454594359,0.5861771631838243,0.035609681594013155,13.047626491784333,13.067466473522511,12.89296060329142,13.07977509829896
dataset\B19_3.jpg,0.011727102508846397,0.01158274495270383,0.01249875266964714,0.011572120102008919,2636.0350024606328,2910.9087978175935,1563.6873154527552,3355.4791369582745,0.2503731978928375,0.17347076215044605,0.5559867229543236,0.04727155467108269,13.117723348634566,13.141691118084571,12.985120087089935,13.1455602636066
dataset\B19_4.jpg,0.012312988192122827,0.01205786853337657,0.013128388810362834,0.011986886615849353,2175.363065944881,2424.6748093496185,1291.9787770669288,2784.0609461218905,0.27073660651093423,0.1865949654648933,0.5662259125758446,0.06601669332807913,13.013101566906743,13.038311707394426,12.869401588037272,13.050082077159642
dataset\B19_5.jpg,0.01180044586622345,0.011686817801535845,0.012656407331512673,0.011569130104660002,2535.226500984253,2760.4313348626697,1421.328494094488,3187.352904705811,0.2411681439173705,0.17294965991408728,0.5740785013155477,0.04512898684226236,13.104105524457312,13.121043980641852,12.955291903226943,13.13775369424074
dataset\B19_6.jpg,0.012005188704357645,0.011853379518511255,0.012952534802189894,0.011837803028170469,2369.1550196850394,2582.108438216878,1321.4114788385814,3015.580383160765,0.25522740054400783,0.18850253912741188,0.5851103922697084,0.052237339226875394,13.069416391952812,13.087094469132246,12.908293128292406,13.09070905063358
dataset\B1_1.jpg,0.03440628085838687,0.03174715123475514,0.03421647249456729,0.03174097544112433,117.71936515748034,213.491908983818,117.01710137795274,207.7699795399592,0.6964160620263253,0.44851941705858767,0.6977079535642849,0.46333668010933815,10.416947114281964,10.691643721387969,10.438584231271854,10.68697555910422
dataset\B1_2.jpg,0.03554066686047656,0.033330646194207794,0.0359627818506888,0.032966171980829566,130.06342273622042,220.44801289602586,121.34971702755904,227.11866823733666,0.6796124885898901,0.456956567822551,0.7013025564529436,0.4405150323156584,10.394560841584324,10.621037960405806,10.386000623775411,10.633585745826428
dataset\B1_3.jpg,0.035720156128049504,0.033778120490061785,0.03606743377971233,0.03280966659221915,141.2586737204724,224.02126604253212,131.05739419291342,257.41019282038565,0.6814494448689683,0.4936986214015031,0.7029395499652288,0.4182576167987041,10.441842380076192,10.63199354475398,10.425980952054227,10.682162315699856
dataset\B1_4.jpg,0.03443508496618352,0.03159567927967055,0.03416976932798232,0.031510156323887616,119.87032480314953,213.9717899435799,118.98019192913382,212.61727323454647,0.6939645683094104,0.4553806699292419,0.6978647658332092,0.4588675413023478,10.413271658969327,10.692568492444783,10.437151861375046,10.6919014246165
dataset\B1_5.jpg,0.03470077119558429,0.03259007487637416,0.03502391429423288,0.0322185360954237,136.52682086614172,225.71603943207893,125.8773991141732,239.5266910533822,0.6729166914105454,0.4585715884079407,0.6974885538591562,0.425431454199052,10.45546352893376,10.676343105579766,10.437026351707292,10.68824481588327
dataset\B1_6.jpg,0.03465308271866528,0.032571787419192984,0.034978613802855975,0.03162620187222263,142.6486835629921,223.2864405728813,132.18633120078744,261.8941037882074,0.6814509756756867,0.5021637747153092,0.7055420830425571,0.4159932143823854,10.503086825893327,10.71081572862369,10.491031405286385,10.759510765818538
dataset\B20_1.jpg,0.01888563520882166,0.019034240021806065,0.01848668492327759,0.017219411314888734,480.01722440944883,423.19815239630486,501.36337352362216,679.9412238824478,0.6202241397709467,0.6651677903360772,0.6028821388089858,0.46201526110542046,11.956146777217308,11.931946670725829,12.011237426357624,12.158055825438183
dataset\B20_2.jpg,0.016909559102882544,0.01715903137500056,0.016847230660841914,0.016015365308561597,681.2189345472442,519.4096348192697,636.9954478346463,775.3647467294933,0.466246737394498,0.5931908351911467,0.5011901201652046,0.39267854675747477,12.196068983797904,12.14314273881814,12.199743322003233,12.301193637070737
dataset\B20_3.jpg,0.0166538479744939,0.01692126393965734,0.016641573246959564,0.0158474305981513,680.2049089566929,503.6236592473183,623.969672736221,745.0009920019841,0.48758163163054874,0.6205182596519527,0.5299938188085148,0.43868195191509607,12.231658612442134,12.176386235622818,12.233029895081732,12.327259266611938
dataset\B20_4.jpg,0.017103811855917816,0.01741431069642594,0.017064162474760718,0.01617775592837587,655.3319389763784,490.5932171864345,613.0548105314962,724.1049662099332,0.49080427893417944,0.6190024475325263,0.5237545849388893,0.4375776866334301,12.184239256693715,12.119488337875561,12.185662921803088,12.284583858286135
dataset\B20_5.jpg,0.016776777989752217,0.016984526307653732,0.01667632817601698,0.016009123560242883,679.6999261811023,504.1168082336165,623.631274606299,745.894971789944,0.46367504328787457,0.6025471140697495,0.5087787010971854,0.41197329102415003,12.216590924420563,12.168129683510317,12.22481781365937,12.303303350595884
dataset\B20_6.jpg,0.017033087463328166,0.017374532266978538,0.0169919368892635,0.016142313040454867,659.0704970472441,532.1040362080724,640.5623769685039,808.7902535805075,0.5113820857977269,0.6053251765164301,0.5256087783319856,0.40007369915639257,12.180462951457198,12.127069514954881,12.191336437899512,12.30025945150438
dataset\B21_1.jpg,0.021769275101106995,0.023689808459036853,0.02234554784319779,0.019617822902512967,316.25375246063,185.70432140864273,274.0374015748033,652.8988157976318,0.621659265635159,0.7781429627685337,0.6724228891047698,0.22000063129829392,11.621261753296443,11.368208149423637,11.556590547396913,11.867559535003208
dataset\B21_2.jpg,0.021020931137046877,0.02317718552209406,0.02154228446420934,0.019170273915521858,340.17328986220474,194.4904209808419,291.98923474409463,707.2409944819889,0.6237053261244534,0.784721542626067,0.6767857010423665,0.21714597063370536,11.683621546727741,11.406924220085209,11.61666366734162,11.910844124339523
dataset\B21_3.jpg,0.020161780551976056,0.02257613436187277,0.020457108022082747,0.018361983352796662,384.7291461614172,191.5550871101742,351.09141240157476,756.1753983507971,0.5786507758653333,0.7899726254623186,0.6148414796044707,0.17085983366716898,11.787823435766748,11.461535836088833,11.755404193072085,12.002677857818759
dataset\B21_4.jpg,0.01923388016325079,0.021901318925333327,0.01945006940783952,0.017626908941457436,410.6963582677165,205.31192262384522,372.53943159448824,787.994977989956,0.5736988567702064,0.786691986895641,0.6132945986613456,0.18133055752724517,11.885971817579529,11.528781070878779,11.84872147722749,12.084802518581958
dataset\B21_5.jpg,0.020400610637946077,0.022547511028026598,0.020660501505593825,0.01859910717496318,354.82338828740154,206.64814929629853,320.6566806102362,718.1977183954368,0.6118061807527693,0.7740443498293714,0.6491894971187759,0.21469751958095026,11.763357492553709,11.483057627999722,11.72776546751755,11.988947280765345
dataset\B21_6.jpg,0.021558439423854308,0.023278631651722975,0.022066068390480743,0.019838198966009458,369.5182086614174,216.70332940665895,315.25559793307104,718.9122078244162,0.5831891194569956,0.7555108486113807,0.644378562640948,0.1889151527424401,11.659262477009264,11.427173166968998,11.596607188736694,11.854409875566597
dataset\B22_1.jpg,0.016212171663414505,0.015671566175432597,0.016428736160703103,0.015644070024988015,2196.6741510826773,3077.8747597495153,2204.3553764763774,3057.420422840845,0.5726394183481321,0.40177654606041086,0.5727069877269356,0.4057583078922184,12.69702543181779,12.758875839084933,12.674075395021982,12.76393722952978
dataset\B22_2.jpg,0.018844714612863946,0.01789033963500213,0.018706047876989,0.018238050732044993,2036.4511564960621,2957.901791803584,2044.1865772637786,2695.4874449748895,0.6014237858499398,0.42161172273265574,0.6007736055871904,0.4730177693202655,12.439798587810042,12.54405163804024,12.440269318042827,12.502290243375304
dataset\B22_3.jpg,0.019647902654501902,0.01902717036585841,0.019812846357878187,0.018922636926795387,2215.5679749015735,3026.7847355694726,2116.032726377954,3139.415090830181,0.5879089777627019,0.4377131443230853,0.60617040547699,0.41680917826431113,12.410978073590705,12.486845528882114,12.397618918735729,12.498907756508784
dataset\B22_4.jpg,0.02261689032837143,0.0217215556372473,0.022519469410584587,0.02199676674943512,2007.167937992126,2949.811767623536,2114.396776574802,2969.4607229214444,0.6333081274282465,0.46115541288629497,0.6151694273602579,0.4576310386188251,12.089119142226645,12.174196610420427,12.087184782504613,12.154728337677922
dataset\B22_5.jpg,0.022000632343739526,0.02124452139533748,0.022284498953048345,0.021277427262567084,1844.4519562007874,2751.261702523405,1811.4507258858287,2641.699981399966,0.6191237195404162,0.43185691563384937,0.6253416177929524,0.454552640709904,12.144481664723898,12.212711847708848,12.119944724946523,12.212327333842518
dataset\B22_6.jpg,0.020585084904811937,0.019463990736388718,0.02054625984251969,0.019919029471069945,2058.9708415354316,2947.332010664021,1961.3626353346442,2721.955731911463,0.5881677567474495,0.4118861622049556,0.6081771924979509,0.4568495249583025,12.218700012607407,12.328731918404303,12.220981774736728,12.296550760134247
dataset\B23_1.jpg,0.016833298598904596,0.015766449895990377,0.01647565841592955,0.015736432713301565,361.8674335629921,615.0944261888526,490.9894808070865,617.2401264802533,0.7002682361263721,0.49041517904053256,0.5933158766069729,0.48864502121672837,12.166796255890208,12.342685465635912,12.239942823625702,12.350762284105375
dataset\B23_2.jpg,0.01671757654671741,0.01594440205510419,0.0164944817120258,0.01584330647435806,373.6321358267716,565.2860685721372,467.07148129921234,578.8157356314712,0.6377258341930853,0.4515625922851307,0.5468118826184385,0.438487096674657,12.131403985479745,12.260503228380184,12.180416386656384,12.272314624895891
dataset\B23_3.jpg,0.016741327453911457,0.01584015200812982,0.0164082231367826,0.015864400988246243,383.86183562992136,591.8342736685472,489.57468011811005,598.4930869861738,0.6264036451831,0.42451968358404063,0.5236168001774176,0.41800938668773413,12.138430757616623,12.281052950914647,12.19941583595129,12.27938890339701
dataset\B23_4.jpg,0.017373598138485147,0.016376133020644962,0.017032420949760832,0.016375428807136688,364.6481299212599,549.8910037820076,455.37450787401576,566.046872093744,0.6267159856993243,0.43684007578087275,0.5335582093423641,0.4203313305067954,12.06589017933335,12.20928810103937,12.12667723777989,12.219207808424782
dataset\B23_5.jpg,0.016946444194824956,0.015972825189162928,0.016578465562112968,0.015954042689077103,396.54607529527544,596.0675801351601,498.04502952755894,612.8879037758073,0.6014355318313905,0.39982306260144984,0.49859276854691276,0.3828894928449168,12.125502541349315,12.265492362596454,12.182455324627727,12.277453531851048
dataset\B23_6.jpg,0.01644991374728373,0.01559534215263695,0.01608492718927071,0.01555214748760436,420.2490157480313,663.3866947733895,546.1771653543306,672.2760865521727,0.6246355058558816,0.4067009952094666,0.5113929038364379,0.3987690949609226,12.206077574320936,12.347713772149921,12.268605667449501,12.34967816634214
dataset\B24_1.jpg,0.012072455755675839,0.011780839322906732,0.012160217975453908,0.011668383804288317,2082.2776205708656,3018.024304048609,1957.938545767718,2982.8419616839246,0.6041336771233453,0.4257302423331242,0.6275972767404681,0.4323692420172492,13.13791097791858,13.196152428986382,13.1267870150556,13.208442041254495
dataset\B24_2.jpg,0.011974574042511777,0.011609926750891134,0.012159595571462432,0.01171769538847088,2223.574495570866,3156.3462086924173,2036.3616510826773,3047.727075454151,0.5744462363561724,0.3953344481334382,0.6096369660510461,0.4161887373697158,13.147605035796001,13.204573130180464,13.119592950544074,13.1917132390201
dataset\B24_3.jpg,0.011921682136180901,0.011697667089685622,0.012039183538533896,0.011543184351810683,2476.557640255904,3447.1202182404354,2204.0640994094483,3435.5327670655342,0.5832675761643356,0.41983039209073086,0.6289144689416679,0.4217875002183899,13.176557746045837,13.232265387016637,13.16175269344755,13.241263295354337
dataset\B24_4.jpg,0.012363900209412344,0.012023389133142399,0.012417041739212722,0.011890938464944842,2368.6636934055123,3392.051584103171,2202.597071850395,3354.5216070432148,0.6053837549937625,0.4348809778678622,0.6330944283118047,0.44112155588957813,13.123899097185236,13.178290984442583,13.105772084346528,13.188329092595065
dataset\B24_5.jpg,0.011998567412924334,0.011636384387825325,0.012120319685266072,0.011611913164744652,2278.051611712597,3206.0375720751467,2081.8491018700797,3202.267158534318,0.5862890449276881,0.41768133681392194,0.6221346655849187,0.41839011401369597,13.15619563313018,13.21829348215478,13.138865816414242,13.22334790023226
dataset\B24_6.jpg,0.011886077864914853,0.011573780877875627,0.012022198137232263,0.011543517358701332,2221.268762303149,3203.659309318618,2089.481114665355,3112.55161510323,0.582991163823571,0.39884061137984705,0.6082045708322142,0.415926772401602,13.166898905429381,13.217496870515758,13.150631192179727,13.2238738450552
dataset\B25_1.jpg,0.011725488961251576,0.01212209452941675,0.0117982008806465,0.011184279339855437,1356.4325787401583,1702.1339822679645,1214.2375123031502,1930.109864219729,0.5077993035056824,0.3823304812242923,0.560215322610909,0.2995812335151405,13.070604972066015,13.018897801472537,13.05303767092705,13.16980337911199
dataset\B25_2.jpg,0.012293303146453532,0.012892001117518825,0.012436835204207483,0.011628453417508922,1147.5247908464576,1418.6490792981592,1003.0658833661414,1618.9458118916243,0.48944956669816925,0.36912476702968966,0.5540740263823113,0.2800945894597526,12.945207249674434,12.869237830821644,12.916221344682391,13.066615141561654
dataset\B25_3.jpg,0.011901985789623778,0.01240637818512168,0.012030064730235853,0.011428390544250728,1243.72908464567,1547.5480810961626,1074.5524114173224,1789.300762601525,0.49961102101073773,0.37760890854704937,0.5682776721500855,0.280383289308845,13.020794928622365,12.953340379854687,12.989303396937533,13.110491962894931
dataset\B25_4.jpg,0.011825752586118917,0.012345188439797147,0.012031951947241777,0.011258956215203666,1352.616018700788,1690.767995535991,1142.4037893700786,1911.846673693348,0.49452540437557213,0.3675806883352859,0.5724136910230668,0.2848596553232611,13.051567999049414,12.98687555737718,13.003733885597534,13.147435630767882
dataset\B25_5.jpg,0.012251676280881653,0.012655772938612406,0.01230038108614422,0.011609595648871906,1161.9389148622054,1429.1830243660495,996.5344488188973,1644.5299150598296,0.48841165310162865,0.3706248907399829,0.5611162688357095,0.27578553902390657,12.958170694447599,12.905080143732048,12.935863302929324,13.067983994112048
dataset\B25_6.jpg,0.01206430313923872,0.012478054447979801,0.012152124237072575,0.011479068040371803,1229.268270177165,1504.9663959327927,1081.974901574803,1722.053816107633,0.4864772193085683,0.3712709173674231,0.5482332124256147,0.28046241168604347,12.997512333220056,12.943028301831976,12.974007211566224,13.102103240688859
dataset\B26_1.jpg,0.018701596801795988,0.01794740283260465,0.018746665582259313,0.017758138680748502,1442.867802657479,1900.8757517515046,739.2915231299212,1730.4021328042652,0.6840174605655396,0.5841728106055394,0.8384539412789769,0.6213654331113305,12.292133810634226,12.388341387734501,12.232520498869388,12.38632825435632
dataset\B26_2.jpg,0.01725272735461201,0.01670773930228423,0.017587265220058265,0.016661430263093347,1891.1090674212608,2405.411184822372,894.0593011811018,2188.1815363630735,0.6420817201163286,0.5443392919951766,0.8304178185798426,0.5854979891722248,12.424546879843932,12.503973165426755,12.338631394302197,12.493110761963024
dataset\B26_3.jpg,0.016059498691953982,0.015556842997873573,0.01643541464943414,0.015524687438487004,2092.0411540354335,2668.1076942153877,961.2637180118112,2415.9559799119615,0.6098506922607616,0.5025698886063839,0.8208273607814129,0.5496512680420179,12.551610463534042,12.626461938673843,12.458286279504343,12.615858669372262
dataset\B26_4.jpg,0.016064446274354386,0.015510319605962178,0.016368044762322835,0.015500154999814003,1831.5732037401574,2387.9572199144422,947.970964566929,2165.590861181723,0.6499768766763238,0.5439418040247724,0.8185855865953215,0.5863981561684884,12.53806715200198,12.62202577372356,12.470788940484283,12.613656586484106
dataset\B26_5.jpg,0.016349770266122266,0.015754742677894628,0.016510074997260097,0.01571541103170985,2091.0521038385828,2636.2587265174534,989.3355068897636,2434.951391902784,0.6193458744834652,0.5200547412033756,0.8200740923706965,0.5566247615170636,12.523277684882421,12.607725951000162,12.45685177712006,12.595067520373107
dataset\B26_6.jpg,0.017437083403912652,0.016888064448768027,0.01778049887108853,0.016870528813817044,1797.7803887795285,2249.1936263872517,843.4625369094491,2109.62663525327,0.6475539975355061,0.5590317972173224,0.834456755092158,0.5863975891828267,12.40475707220138,12.480351880193426,12.320835066468096,12.47247735159468
dataset\B27_1.jpg,0.01731447032931966,0.01635992844079593,0.017543963481602722,0.016419735272827852,958.7554749015757,1488.7283774567554,950.620017224409,1458.2841465682934,0.6915362270412565,0.5217673132389041,0.6942327342154682,0.5314729017843102,12.467607622170577,12.594944807429195,12.448065553853699,12.589312291535059
dataset\B27_2.jpg,0.015117612415037148,0.014180961335461472,0.015221636485696428,0.014277674159578733,1198.7043553149608,1715.074648149297,1074.46155265748,1704.3047306094613,0.6389310421465625,0.4833317722569066,0.6762612771282206,0.4865735263663644,12.698824098798852,12.82152381418474,12.6743685861599,12.812309751218953
dataset\B27_3.jpg,0.014911701551304812,0.014123922186840094,0.014998493111400094,0.014142688996856582,1169.4121555118122,1683.3344906689815,1064.960691437006,1667.1226362452724,0.6382528015115563,0.47873263087523327,0.6695231584945345,0.4837371841816551,12.691996805572916,12.807599083114482,12.670035895753069,12.796920479314059
dataset\B27_4.jpg,0.015163101572317705,0.014377479850338193,0.015314332808518917,0.014391376044214449,1143.131889763779,1628.8950957901925,1057.9146161417323,1642.2393204786413,0.641673492393957,0.48939579620892315,0.6687998145538254,0.4851880767164318,12.650945709277284,12.757366132101884,12.630090385582754,12.764389410508848
dataset\B27_5.jpg,0.015019671736482896,0.014171470753649034,0.015196755569907336,0.014238311940581186,1187.5872908464569,1706.4422468844944,1074.103900098425,1675.4303428606868,0.6403583674287568,0.48262265371159024,0.6746397356916483,0.4920348551350276,12.699153505804167,12.809769278697491,12.672973231831177,12.808845049781828
dataset\B27_6.jpg,0.015615794144664998,0.01471023988804277,0.015746589654713226,0.014794404060207707,1217.5960260826769,1728.1068882137768,1101.3775836614175,1726.4563209126406,0.6440609372332471,0.4949149636805303,0.6783432240493275,0.4954344295336564,12.658171162444676,12.774435088065996,12.645830528903504,12.775852892907835
dataset\B28_1.jpg,0.014476473680780491,0.013804324475929088,0.014494499234938785,0.013854079967336676,569.1743356299212,864.8972657945321,569.1027312992127,775.9885919771841,0.6921119691636587,0.53284612811945,0.6930250225890953,0.5809174349681082,12.529848835114821,12.657656568292412,12.534867358002316,12.63866415747181
dataset\B28_2.jpg,0.014595705044865473,0.014179063727291333,0.014795016986431792,0.014148123998497122,618.7591658464564,882.6998573997149,572.7054625984248,814.6699733399469,0.6617665973066487,0.5174968670959493,0.6868917803923409,0.5546578613402052,12.54199323416467,12.619202434123794,12.511750355431133,12.624628619058866
dataset\B28_3.jpg,0.015202979616322035,0.014656310014080418,0.015465798009456739,0.014706058243857576,607.0083661417323,888.8519437038879,575.1502829724406,792.9203298406595,0.6693046092540885,0.5163659322475134,0.6869872637005656,0.5685775546856054,12.488119011796295,12.593819545919349,12.47076433419158,12.576272893881448
dataset\B28_4.jpg,0.01501815996800648,0.014467832224346533,0.015066210152403173,0.014609286968370817,636.9207677165356,897.9866699733403,604.1657849409448,790.2181784363569,0.6549998642060665,0.5138188320415734,0.6720980748699761,0.5721646874869498,12.492860217472074,12.587725069199712,12.479073116543065,12.552933509142616
dataset\B28_5.jpg,0.014973494132501368,0.014406059354915717,0.015017656011362393,0.014526167286566,643.2960752952753,883.6784053568107,599.7567667322834,790.4521669043339,0.6435244302619253,0.5102603090332442,0.6671507035827118,0.5619211929933732,12.514749441543593,12.600641101338542,12.492410990856463,12.578406241622778
dataset\B28_6.jpg,0.014489276744593082,0.01397755634893112,0.014710626513321574,0.01405817778122968,685.5720964566929,937.0916361832724,633.6615403543304,846.7379874759752,0.6434940233806808,0.5127170218561886,0.67085940641259,0.5596559835112985,12.556773603811036,12.644527871019902,12.533382048451259,12.630383082825483
dataset\B29_1.jpg,0.012220440493936032,0.011722943048101245,0.012319133318119062,0.01200547194094633,922.2274852362204,1446.5804451608906,852.8307701771652,1107.4445408890817,0.6582418629262371,0.46459734246013884,0.6849311395747544,0.5900335891383803,12.956754673956526,13.062919728783653,12.936483918366108,13.003658546516569
dataset\B29_2.jpg,0.012150878568037775,0.011609264537409484,0.012125002057349291,0.011829357198690356,947.0585629921259,1467.4746109492216,905.2584891732288,1175.1400582801175,0.6466744015661671,0.4514294712924027,0.6617003568542091,0.5606313078674259,12.966279373966593,13.080615211359598,12.968420839029546,13.036149242632472
dataset\B29_3.jpg,0.011968252003085574,0.011610588926603238,0.01200518870435765,0.011796816886728305,1065.4880044291338,1574.1764523529043,984.541461614173,1177.0272800545602,0.577071292200547,0.374595535846907,0.608328052718817,0.5323450035538517,12.997473472927227,13.083543689954642,12.991523378430678,13.03417116109624
dataset\B29_4.jpg,0.011967303409115464,0.011645630360022747,0.012101259373628501,0.011693394329335555,1007.3663877952757,1440.617707235415,945.2134596456689,1167.7010974021948,0.5953135095648525,0.42149111978362047,0.6204386568128242,0.5310716256533973,12.995686478427233,13.070614206969049,12.971053925503977,13.051639252894764
dataset\B29_5.jpg,0.012234367279056985,0.011932245619051457,0.012321283388152932,0.011953167258608014,989.0001230314961,1441.6102052204114,889.7785433070867,1168.8381796763608,0.6104297406884511,0.43227076060578806,0.6494924695925796,0.5396721061364005,12.94789505973014,13.015367876630647,12.928026471131956,13.002532731891193
dataset\B29_6.jpg,0.012330800620439767,0.012026905445094339,0.012384084185198438,0.011994901062952985,957.4170767716535,1405.7985615971238,865.9776697834641,1136.7570835141682,0.6293669389378216,0.45639604710157083,0.6654693453863022,0.560476956007464,12.937118026461533,13.012067098170325,12.923563401926447,12.998679472261022
dataset\B2_1.jpg,0.017990595765425527,0.017628217352158585,0.021890446140071917,0.017504799275363456,2211.490834153543,2962.494326988655,1050.3852731299212,2830.022196044392,0.750846694148807,0.666058527606452,0.8815676498763191,0.68100659782541,12.539767048905517,12.611610272801489,12.202590127740276,12.60726964018443
dataset\B2_2.jpg,0.017837657717549145,0.017466547464221455,0.021427092733411854,0.017290032729284564,2218.7879552165355,3021.0068820137653,1091.656126968504,2839.5457870915725,0.7535627076618517,0.6648736476348136,0.8789302781223236,0.6849689996691563,12.543628477793469,12.610022282939664,12.219652069117895,12.617590186702543
dataset\B2_3.jpg,0.017538785980093584,0.017172915175790126,0.021445099141911877,0.01691808325091878,2448.636441929132,3263.7845495691004,1130.2219488188985,3101.2148924297853,0.7432954870200646,0.6581716959970462,0.8815128416171607,0.6752083775075363,12.58288917598112,12.661422683714935,12.260835949516812,12.661945286510974
dataset\B2_4.jpg,0.015172332686484248,0.014802975934301504,0.01857551513054617,0.014613759346827728,2489.91375492126,3297.34143468287,1129.4421751968491,3164.279620559243,0.745219133978083,0.6629660631003608,0.884500755977899,0.676563554491325,12.774153636953924,12.852310692864982,12.446086199518849,12.853872167160032
dataset\B2_5.jpg,0.017986388423046798,0.01760181227300024,0.022079440831354626,0.017415855800015104,2390.364234744094,3225.592845185688,1117.8227116141734,3027.9572199144404,0.7441936663414687,0.6544700816950715,0.8802336482338887,0.6756515685873288,12.559328021943195,12.623668501597713,12.214280036188839,12.628241119042897
dataset\B2_6.jpg,0.018797062645025234,0.018383324285479362,0.022835023510738336,0.01832321333607304,2239.6871924212605,2997.4355508711033,1072.3081938976386,2885.541261082523,0.7522785011420227,0.6681408810632922,0.8812556966504014,0.6805297243132493,12.489574976145928,12.555198370537674,12.143547670242803,12.553494621198404
dataset\B30_1.jpg,0.018268209383942732,0.01711371892711606,0.017933291335606838,0.01719863771266124,547.3953617125981,971.7591295182592,687.8889640748031,947.3294686589371,0.5924237966867297,0.2775425536822083,0.48932523813504,0.2956927840415808,12.098493958509732,12.258578265776729,12.15778767586185,12.244574807287012
dataset\B30_2.jpg,0.018359333518819642,0.017387801854789012,0.01826054337194374,0.01741938695072112,608.1721210629923,1040.8404736809478,728.0788016732281,1003.5128030256061,0.5632796538185348,0.25325164511176235,0.47894587801287036,0.28003502395170676,12.104744476900114,12.233233341618021,12.129881800486972,12.224598190722574
dataset\B30_3.jpg,0.01784359681607858,0.01687599642083043,0.01772742549981115,0.01681529776768241,727.3306471456696,1256.1966643933288,896.1297982283465,1241.3914067828143,0.5733127975911699,0.26290388735318965,0.4757156957239288,0.2717652675106644,12.203985039998239,12.333768465710303,12.227870745647682,12.334988407016697
dataset\B30_4.jpg,0.017936245297467242,0.017006239585739772,0.017949953752424527,0.016960972221460775,700.1271530511815,1200.471696943393,854.597256397638,1200.642941285883,0.5778238247262051,0.27336369078901307,0.47996195224016175,0.273221249787967,12.190461574430742,12.307802834985313,12.20384872904851,12.311632563234513
dataset\B30_5.jpg,0.018168507212479885,0.017200202190283644,0.018042265825689335,0.017281359859119876,633.2303149606298,1101.614669229339,774.845841535433,1070.1818463636932,0.5794442182061581,0.2655064696768231,0.48138173391044753,0.28655611141632087,12.154227992595711,12.273730583021369,12.181933871661396,12.264597300559993
dataset\B30_6.jpg,0.018169756866205002,0.017189247856720945,0.017995853560132696,0.017337101669517165,558.0869217519684,978.8768677537358,695.3907480314963,950.8244776489554,0.581297876797307,0.2632099862236452,0.47589282776658787,0.2844080243779802,12.116646415792843,12.249647356468168,12.155161800822393,12.23751851938897
dataset\B31_1.jpg,0.0163356455920713,0.0157603534717332,0.018138281065903962,0.015893934643996226,1173.3691560039365,1716.2279124558256,696.9294414370075,1378.312356624713,0.793740817290578,0.6981641700492492,0.8772910329545943,0.7575752403178686,12.377054832143612,12.464650257021882,12.141156726167246,12.431960856535218
dataset\B31_2.jpg,0.015626695223929538,0.01530825624850525,0.0171594758189053,0.015291925561256638,1412.2695620078741,1999.4376588753182,787.9296875,1607.380370760742,0.7736561865822992,0.6796513105066926,0.8737027986438456,0.7424654584726157,12.535642492339539,12.58311623683699,12.296037288868739,12.57109240770405
dataset\B31_3.jpg,0.015784514212568528,0.015394644522669948,0.017305288528522058,0.015552147487604355,1274.310716043307,1839.6521173042347,780.6026697834645,1503.7107694215392,0.7848340268471096,0.6893977339294205,0.8682969248225924,0.7461064511398865,12.497386506618163,12.573865501416439,12.276917131891995,12.534253862496419
dataset\B31_4.jpg,0.01625110545739834,0.015898287424158643,0.017876861641046345,0.015950187134728566,1210.9338705708662,1723.46233492467,703.8043184055122,1414.06479012958,0.7938458621499418,0.7065737975140689,0.8801161810926135,0.7592528983620953,12.425397608148455,12.489222204723363,12.190339683821643,12.466868336599624
dataset\B31_5.jpg,0.015304692834687031,0.014969018013387016,0.016677916538219036,0.014933023002051932,1409.3841043307084,2009.4118668237334,822.0743110236223,1649.411246822494,0.7758884510935324,0.6804384095452118,0.8692416363472008,0.737680235018192,12.57957560246409,12.635319775274132,12.360853840547376,12.620311197091972
dataset\B31_6.jpg,0.015679397605301786,0.015419843419611409,0.017475670181658173,0.015330087020148719,1189.8588828740158,1706.923739847479,713.3473179133862,1410.0730981461963,0.7847507105499829,0.6911758504425567,0.8708841097733135,0.7448845749218297,12.4740401427347,12.530760599160244,12.222211041177617,12.52512669156077
dataset\B32_1.jpg,0.016830151053294762,0.016042704306706415,0.01688380365868506,0.01599206637629187,924.971641240157,1472.0990761981536,923.9844980314963,1498.5193750387511,0.746634703618791,0.5969508316661484,0.7465978649207015,0.5897029869695272,12.477286144753677,12.59165993810538,12.463663318540206,12.59713432274658
dataset\B32_2.jpg,0.015962121661547087,0.015390149298360759,0.016108436303233015,0.015224912846744232,975.0168553149607,1531.5031930063872,969.0469365157478,1556.8118296236582,0.7349152236901214,0.5835146902672964,0.7364132732669276,0.5766371764177879,12.544406010393296,12.6502603613357,12.526384505085858,12.657883453032001
dataset\B32_3.jpg,0.01618343597568436,0.015436038775677499,0.01613073822594401,0.01539114835055665,852.4301796259846,1409.1845123690248,898.2446481299213,1393.1438402876809,0.7468682223332836,0.5813404371306438,0.7334378145434587,0.5860719249407924,12.490021570703131,12.623589282430014,12.498153597022075,12.623772232154348
dataset\B32_4.jpg,0.01646256124942959,0.015614802313421388,0.016522218382053765,0.015651194198480173,830.5447834645666,1365.2395064790135,848.2594734251969,1284.7608035216074,0.7344017005497757,0.5642733327270969,0.7288056064835087,0.5899373729934086,12.459669968897025,12.59663132617044,12.45292020273945,12.58418276520347
dataset\B32_5.jpg,0.01667042721998786,0.015685051102318034,0.016515574994635664,0.015592877109446276,883.6492987204722,1426.7007254014507,941.113496555118,1426.5595511191034,0.740704394662136,0.5820709871554287,0.7246230311246327,0.5821213443144345,12.45002463159244,12.589485014892709,12.470264488218104,12.594864811163262
dataset\B32_6.jpg,0.01616214335719448,0.015492961373683486,0.016298771283823534,0.015493953796544535,977.1735974409446,1457.2156364312739,965.3803518700786,1540.0241180482367,0.7318382201052142,0.60086261494431,0.7357881701846664,0.5781845658138898,12.52481083379459,12.629072543983806,12.506989609516197,12.643260410068512
dataset\B33_1.jpg,0.023673574563107598,0.022287729515802216,0.024638727401428438,0.02216649673296041,223.07787893700785,353.15320230640475,202.6496062992127,336.0677041354084,0.7156732289999402,0.5506605831220188,0.7421922053492498,0.572356256164513,11.298855002146114,11.472017932289067,11.219855687788325,11.47580176309113
dataset\B33_2.jpg,0.02020733802440081,0.018947810007401384,0.020697284018428748,0.019032422361090942,268.47908464566933,436.01029202058396,258.55031988188966,404.03707607415225,0.6861460827562383,0.4907128626417338,0.6979455378609134,0.5280508500737507,11.636442295431255,11.822332171679484,11.591322502949392,11.80496454022045
dataset\B33_3.jpg,0.0191441514758802,0.018124302302710078,0.019987980231284175,0.018225189289243878,338.29121555118104,499.7645855291712,276.8619586614175,477.49004898009804,0.6469886704921526,0.4765274142108258,0.709752693928683,0.49986975025012814,11.828389403194903,11.974474258401218,11.715619152542038,11.951354811416303
dataset\B33_4.jpg,0.01973591635184856,0.018391477509553895,0.02020977236143564,0.0185394885271726,321.9027436023623,507.7560295120595,304.5215920275592,478.9205778411558,0.6932202731859417,0.5165667561937414,0.7101744571835922,0.5440018116827284,11.750845286099855,11.931494490099038,11.691694174158439,11.912850962930333
dataset\B33_5.jpg,0.019156798054481804,0.018091398210018126,0.019763507790290038,0.01819943913633093,325.7859867125982,491.3343666687333,306.373093011811,481.4573129146257,0.66830384762866,0.5007425213648842,0.6889293126098076,0.5109185416994299,11.810345526053121,11.957664925906297,11.731676294540184,11.950189855358005
dataset\B33_6.jpg,0.021825870624525078,0.02061268695560465,0.022634284593836904,0.02067339259906163,243.56077755905497,387.1832103664208,226.78721702755894,352.3899187798376,0.6832743634287954,0.4975303648743375,0.7056337511316256,0.5426843130436938,11.45736240230127,11.625522297316365,11.390184409132218,11.616837234170543
dataset\B34_1.jpg,0.01887160382757285,0.018021997424488373,0.018986355047628443,0.017423799882746442,317.31360728346465,414.3281046562093,302.1863312007874,474.958211916424,0.762699286905873,0.6907170879925871,0.7740416251105794,0.6455117382151918,11.97114940004986,12.08437333108074,11.955011311756996,12.162377588527047
dataset\B34_2.jpg,0.01730681916693473,0.016236103055940348,0.01760554485820219,0.01631168943683593,606.3502706692913,732.4893049786101,458.97527066929126,736.0688821377646,0.549510219171877,0.4572636743172249,0.6596400481316468,0.45461079341378796,12.190008649510371,12.337294876242009,12.127816534740258,12.313604592947275
dataset\B34_3.jpg,0.01906769894795676,0.01802711579555409,0.01945182036058273,0.017541652910632918,391.12167814960634,520.2123504247012,370.875,587.3705127410255,0.6641741566424183,0.5519460188797943,0.6811325429574008,0.49413300042697955,11.937336580566384,12.066885403545644,11.887417619802351,12.138292448287286
dataset\B34_4.jpg,0.020281920310034323,0.01965658173547162,0.020471531497156692,0.01895065002861668,259.2121062992127,330.5568851137702,244.79164616141728,456.2916485832973,0.6511290603417782,0.5550044215552359,0.6699793608220397,0.3858477927831889,11.690232051227218,11.756313518270105,11.659425725508095,11.873627434155383
dataset\B34_5.jpg,0.019446372434314116,0.018340617588065797,0.01971385378809309,0.01805311174446308,533.1526820866144,637.0311860623718,423.01427165354323,724.9375658751317,0.5652280466570384,0.48040015163784033,0.6543667423668349,0.40848740510198406,11.918258175263764,12.042043721850927,11.858423416676128,12.083013574252742
dataset\B34_6.jpg,0.017045746269393924,0.01644733698987451,0.017293913830616424,0.015794706514842813,486.0826771653541,593.7893855787711,389.48548228346476,659.0383160766324,0.6530951620992858,0.5760520342950115,0.7224539941249247,0.5294834715353488,12.217680186841113,12.300232866150427,12.163196924405089,12.382518938723052
dataset\B35_1.jpg,0.011429354490643289,0.011226817009516835,0.011593719477745804,0.01117155527283868,1729.8225885826769,2277.7710335420657,1552.249323326772,2465.2459544919084,0.5229430619172616,0.3718155206865698,0.5716770530356431,0.320080461498941,13.13127781287334,13.179272184946555,13.102804163873795,13.190456466883274
dataset\B35_2.jpg,0.011022482299242168,0.010802443000110318,0.011162015105365707,0.01071275310328102,2167.087967519684,2836.7636555273093,1930.4336860236215,3071.8844317688654,0.5273310162713167,0.38130595435643727,0.5789037954270762,0.3299936637391435,13.22204566047336,13.277024805327482,13.204129479769591,13.29231029964234
dataset\B35_3.jpg,0.011094344265641579,0.010839033256619238,0.011367271354159313,0.010888217402891932,2047.4645669291335,2706.297166594334,1766.2800812007877,2811.2446524893066,0.5296634504388978,0.37788528945557415,0.5947578104901127,0.3536680848816983,13.213772029020936,13.272309270142594,13.164849116248964,13.262408859168422
dataset\B35_4.jpg,0.011455481031332386,0.011141234245266795,0.011587842792662098,0.0111011390830249,1781.9724409448818,2306.0992621985247,1542.1488681102364,2478.9346518693023,0.5176893296483904,0.3765081581003193,0.5825770408601895,0.3297897044457082,13.130317044624514,13.197308316136173,13.110080426467531,13.207818813151977
dataset\B35_5.jpg,0.01107591000599679,0.010820575970760016,0.011223884966804603,0.010720285802983572,2201.8959768700784,2890.127038254077,1963.6302903543312,3077.39599479199,0.5214499598134785,0.3726731504321794,0.5737638922800147,0.3320068834105262,13.216561868011212,13.27800169345808,13.202918768384851,13.295328348474776
dataset\B35_6.jpg,0.01118470662577698,0.010906912663192068,0.011271323549353864,0.010994669232429078,1851.2322834645665,2439.7891375782765,1665.0390009842508,2599.4066588133173,0.5264587086512297,0.37611097076536326,0.5742542159767352,0.3353387655313541,13.178583072705973,13.242666040813921,13.172146413203345,13.229298359216713
dataset\B36_1.jpg,0.04181948957934466,0.036960343129662565,0.04059452131833428,0.03741978435207029,627.883243110236,1074.91505983012,715.1676919291338,1070.5550251100512,0.8529680541276522,0.7485371129371461,0.8322219613646457,0.7495466886700454,11.18003994599274,11.392254435283236,11.232781147646653,11.377676325096942
dataset\B36_2.jpg,0.04520825763371376,0.04064527825157517,0.04590443448142248,0.04103373181983153,535.3890255905513,871.8976997953993,586.3198203740155,902.0965961931929,0.8388261103733382,0.7375872300053814,0.8230747866619729,0.7284817352607709,10.929220326658104,11.129438635577163,10.953682255080622,11.122753210267552
dataset\B36_3.jpg,0.049981762946224986,0.04495846982547279,0.049438381546605736,0.044258926505310374,491.92894931102387,781.8726517453032,526.8954232283468,813.087606175213,0.8303620324788673,0.7304010447049339,0.8176936129956814,0.7196278203900165,10.834631404555628,11.027492357031532,10.874189451465972,11.036280928594882
dataset\B36_4.jpg,0.046886058613495235,0.041356127639206396,0.0457584551631984,0.04159644644738907,430.3377214566929,759.3759067518138,509.9814222440946,744.1178002355999,0.8623294633523584,0.7566466734168124,0.8373380203355331,0.7616015468113021,10.889230854534748,11.09636708310064,10.920302828859526,11.088977833065227
dataset\B36_5.jpg,0.0435798156444447,0.039295412512297206,0.04303931187733033,0.0391969765875603,602.2075541338579,1028.9227478454955,695.3043799212603,1013.4907309814622,0.8521323422979358,0.7470627673336425,0.8298619310172013,0.7508917496144252,11.08688874916193,11.253951268630315,11.099338275933947,11.2595331119323
dataset\B36_6.jpg,0.03998892699501874,0.036444630617405015,0.03913359014106523,0.03654795560639331,628.9338090551182,1080.4653729307454,730.6464689960629,1076.1199082398161,0.8655132078921524,0.7695140591671197,0.8453362684090661,0.7704179294614053,11.209331813902024,11.386823791684975,11.247679413188846,11.37660393812881
dataset\B37_1.jpg,0.01306279341266229,0.012968997369839284,0.013000942580093594,0.012812742277311365,695.0068282480314,981.4273668547338,690.0420152559058,852.8892057784116,0.7917162238571255,0.7064320230384911,0.7934947707206662,0.7448899048434012,12.804697969419506,12.832010104639863,12.810870794824606,12.851689799271368
dataset\B37_2.jpg,0.013830513273553682,0.013821022251695438,0.01384610034475824,0.013511618047242118,591.7500000000001,776.0941781883565,536.7151820866139,706.6337652675305,0.7735609580283939,0.7037834669290258,0.7952357185224145,0.7303171272956892,12.651196379377105,12.684536840353093,12.643966217306883,12.714137423581438
dataset\B37_3.jpg,0.014320358786369544,0.01419965276053424,0.014341483386710428,0.013956639679750483,491.0242987204725,655.8140616281235,450.54287647637784,596.54603509207,0.785380270065888,0.7137581544251673,0.8033577583446312,0.7396310331403089,12.538337823074837,12.586669796768767,12.527144173020568,12.613449416893705
dataset\B37_4.jpg,0.014256531749097322,0.014233181455072056,0.014298673681862523,0.014098588265495569,544.4970472440947,759.1798003596004,518.4993233267714,662.3733647467299,0.7526119358650387,0.655975344209262,0.7651497103330238,0.6997671492562858,12.550834802192373,12.589600813393783,12.541675733833538,12.599442819304073
dataset\B37_5.jpg,0.014429344504107438,0.014538863831586037,0.014423573710386654,0.014224266213699325,556.4621678149606,740.6374232748466,511.4249507874017,652.9947919895845,0.7462971244240612,0.6633552726520473,0.7684423180794454,0.7031740508889476,12.522895675346314,12.528230144551799,12.51836635858188,12.560507526822345
dataset\B37_6.jpg,0.012743117496283504,0.012970775650029995,0.012786991943057819,0.012666399241696014,825.9100639763777,1049.1985863971731,750.2794660433074,986.8467356934717,0.748423894526269,0.6811884434935349,0.772301244591341,0.7001811133669438,12.848943319666025,12.822545167334916,12.837077812861823,12.870460689932191
dataset\B38_1.jpg,0.010860970727339252,0.01047214947674163,0.01093770066820338,0.010419157270860192,2247.353346456694,3178.180668361338,1883.8858882874022,3267.4837249674492,0.6640078624245273,0.5255891462445349,0.7186898223976468,0.5122724934095253,13.29082295082079,13.367595252149622,13.269802270838529,13.376546214602932
dataset\B38_2.jpg,0.011596004050975696,0.011058465587872286,0.011702552575831412,0.011131914645630334,1948.5612081692925,2669.4754789509566,1538.8921628937012,2728.2141484282993,0.6492233049233189,0.5196217960800976,0.7238604084801247,0.5091078409900063,13.141451251310636,13.243359349391778,13.123165011605918,13.229140154463732
dataset\B38_3.jpg,0.010778429790806612,0.01036181419773316,0.010781940108369404,0.010275386626977065,2229.520546259842,3161.1837063674147,1932.964751476378,3320.5139810279616,0.6835550361113217,0.552265626209643,0.7271668788558702,0.5297068477671535,13.315316044718708,13.401403029114462,13.313388442265147,13.41563834155663
dataset\B38_4.jpg,0.011397857188707526,0.010995368460948767,0.01168119103825988,0.010978924817425361,1926.0366633858273,2659.4454708909398,1481.3468257874026,2599.2041044082107,0.6435783207113458,0.5096112902114193,0.7261144250858392,0.5207086659110411,13.169954392607053,13.24289241003861,13.117551936700847,13.254130843047077
dataset\B38_5.jpg,0.011881619829284824,0.011357874449241466,0.012003297279504738,0.011235715774472533,1673.106360728346,2508.7658255316524,1568.9818528543303,2555.051584103169,0.6963166939978529,0.545678888358991,0.7151818385110763,0.537298815037836,13.088976215884477,13.190235198972214,13.069666192519339,13.208858346624842
dataset\B38_6.jpg,0.011989417713202303,0.011447211020769935,0.012213626063809761,0.01150816500363622,2000.055179625985,2851.9118358236724,1496.692851870078,2598.6322152644316,0.6451922569079757,0.49555504112814747,0.7346715532217638,0.5403142187431524,13.090514668830167,13.186374672932251,13.04464071587648,13.172194118102096
dataset\B39_1.jpg,0.02536851572042704,0.023678284875439274,0.02474569888629338,0.023771449100231757,187.06588336614166,291.17316634633295,201.15286663385814,284.98555397110795,0.5478157602879088,0.2964564317128467,0.513830707396843,0.3114194235980304,11.063804811881141,11.23470805774369,11.120083728222749,11.22702051165394
dataset\B39_2.jpg,0.02372371392071029,0.022967594258855972,0.023659663649606096,0.02292571434767979,243.17661171259832,355.7971975943951,238.77048474409446,341.2892305784611,0.43111702209534286,0.16711381543969195,0.4406270211412822,0.201132255396925,11.232379345581823,11.320530939159259,11.232963932123793,11.319363813490906
dataset\B39_3.jpg,0.02208612401557249,0.02120612710509649,0.021990653873923703,0.0213965113801518,277.82763287401565,404.0596441192886,274.0007997047242,377.51776303552583,0.43557045545447143,0.17964767881444973,0.44335638170685915,0.23360764598584804,11.418756957791985,11.512635113734948,11.421520326594642,11.486434872772657
dataset\B39_4.jpg,0.025159865742143538,0.023871174988460496,0.02495462729036883,0.024050055085556146,196.62217027559052,300.8394196788395,203.35685285433055,283.30547461094943,0.5069747589528684,0.24622779882661278,0.4891051281276389,0.2901780427164428,11.074696038458313,11.211122865336653,11.094173452082906,11.186632298686028
dataset\B39_5.jpg,0.023152978173286282,0.02241756789188762,0.02327962682880247,0.022606932040669766,253.7176427165353,356.10571021142044,236.81145423228327,336.47585095170194,0.4104597845795579,0.17360727451163,0.4489357826300542,0.21920867939661562,11.2808600707756,11.357172464875372,11.269026350720834,11.337903074101897
dataset\B39_6.jpg,0.02482143281780744,0.023922970995089127,0.024663902801094297,0.023878742277914266,221.57412647637778,317.5525451050902,215.17396653543312,311.03478206956413,0.4582441161598884,0.225822246702571,0.47476271662034125,0.24169611520158618,11.108635440110724,11.214613409538686,11.1253960833747,11.211453331047144
dataset\B3_1.jpg,0.013514997242565413,0.013737330412282898,0.015538785410974981,0.013392170302090108,840.2322219488185,683.0786781573565,332.22360974409446,1211.5416330832666,0.6183324220652083,0.6897379001940922,0.8488787679782362,0.44968104385250895,12.665871702381137,12.621449851646421,12.326970232587422,12.708485150309881
dataset\B3_2.jpg,0.013555815473267039,0.013817962503335552,0.0156111891812517,0.013431436468718486,811.2463705708659,670.5815611631223,338.26027312992136,1171.4656829313665,0.6255566045312775,0.6905293776338246,0.8441118483086983,0.45940233404278624,12.648808814589659,12.60502608641879,12.319736597115723,12.694090461496518
dataset\B3_3.jpg,0.013660097861551798,0.013939001297878251,0.015816606814084748,0.013517591164861904,737.704109251969,614.2788765577532,313.66160187007875,1069.5123070246136,0.64015499753558,0.700310868574139,0.8470089175124694,0.4782073239492478,12.623694173655156,12.574870560200013,12.274097080463795,12.67601304287012
dataset\B3_4.jpg,0.014076760332782995,0.014261780589839712,0.016136836537910298,0.01400393274904394,668.5756643700785,565.490048980098,307.5377091535435,981.3972967945938,0.6546873927421005,0.7080202270811943,0.8411386312849162,0.4933007256704211,12.54863161337392,12.501909223319148,12.230957136532595,12.590142184411194
dataset\B3_5.jpg,0.01348388152186701,0.013752153012750174,0.015602702796147819,0.013323392437755268,782.3321850393702,649.7304234608472,330.23905019685037,1131.0453220906447,0.6392503703079933,0.7003844000612313,0.84779112649045,0.47843963986549887,12.662325859730169,12.608722123128478,12.314263728117455,12.71866923433449
dataset\B3_6.jpg,0.013267450938076183,0.013545714670876912,0.01541850225503594,0.013150897147483569,830.623462106299,693.0613801227604,345.47250246062976,1194.0425940851876,0.6293588980066659,0.6906526678591527,0.8459249679552641,0.4670303377650565,12.707368147968804,12.655681957171405,12.345307535465954,12.7459840940148
dataset\B40_1.jpg,0.014634543448070855,0.013973705630827327,0.014691578291680241,0.014366246188733256,1055.2081077755904,1431.5829871659755,1009.8549458661415,1009.6318432636872,0.5817669042302547,0.432386541678078,0.5999669404299186,0.5996638542682362,12.646357842874226,12.741536300863213,12.635963192703052,12.67385495565937
dataset\B40_2.jpg,0.01507550059577828,0.014331687743886731,0.015049623770666199,0.014658932551054145,1155.9158464566935,1502.3497426994854,1134.031803641732,1192.479074958149,0.5757947934896366,0.4485176350552442,0.5841810903347159,0.5622565113695999,12.626409634373704,12.729234453031449,12.625545649893441,12.675613708066463
dataset\B40_3.jpg,0.015083280075075702,0.01432256543160833,0.01498839753383416,0.01458716803019125,1197.233329232283,1633.2664765329514,1193.6310900590552,1148.8122636245278,0.5467155052712802,0.3815153625550841,0.5480955967789438,0.5649662809507812,12.634997330708432,12.734012863243063,12.63686642475005,12.682679719596663
dataset\B40_4.jpg,0.0171192922230581,0.01612754204426108,0.016860926777162298,0.016474659136276205,1024.7038631889764,1378.3950027900064,970.5635457677163,961.9042098084196,0.5577603690917659,0.4045536764045502,0.5812863569932646,0.5844966759809263,12.37762566863723,12.488391221239903,12.383815317560083,12.426537840086803
dataset\B40_5.jpg,0.015813496205542246,0.014955658550729093,0.01601230224966171,0.015436785843447967,1260.16000246063,1649.789013578028,1126.967396653542,1188.4962489924976,0.5593090981849458,0.4224298414212081,0.6049649536055896,0.5838345513331955,12.562143073784975,12.666682022925649,12.538684482008716,12.596743822373611
dataset\B40_6.jpg,0.01738666197831773,0.016458785118147284,0.017444026645800026,0.016705668508513048,1011.2910310039364,1310.6995473990955,912.7089689960624,989.6603633207269,0.5788007499468442,0.454089062258097,0.6204878580082386,0.5880565667329447,12.363535253730804,12.458342587440429,12.347159048426285,12.415243697017166
dataset\B41_1.jpg,0.02659629649014311,0.02588599846127221,0.026582491505951038,0.02585048310935864,660.9692421259845,820.8075516151033,670.6595103346453,824.0257920515842,0.6663475330877877,0.5837945056284916,0.6623698352283176,0.5824542840747624,11.276363331907788,11.339925368808348,11.28808599633228,11.337726028719922
dataset\B41_2.jpg,0.03009446966342749,0.028954588953558513,0.029851938913341765,0.02908638533864023,707.5537647637793,879.8440076880152,714.6186023622048,881.7760555521113,0.6540813859336783,0.5685422251530616,0.6510860819119596,0.567452371360365,11.066170205487342,11.133192459511179,11.075843425476558,11.135775915732339
dataset\B41_3.jpg,0.032834315038921015,0.0321710154004002,0.03290856796694735,0.03197301370046827,736.4176919291334,932.5457250914501,742.2713459645674,931.4148428296857,0.6528009007210044,0.5577093488495753,0.6481487029308813,0.5583913255516811,10.93011317261246,10.981341368789005,10.917483450611334,10.993018254268037
dataset\B41_4.jpg,0.035542689825097666,0.03483242893034547,0.035444389664702494,0.03476559860814355,653.8264640748032,832.967635935271,668.1067298228347,835.226734453469,0.6499173554993396,0.5564072326830699,0.6424824587346163,0.555191562432101,10.74410344735369,10.81325606685225,10.747006556476947,10.8191665602938
dataset\B41_5.jpg,0.031010771337728397,0.030159794469610902,0.03121474175797518,0.029924615317942296,688.0447219488183,837.5477090954186,686.9440821850391,863.4070308140622,0.642679204259161,0.5676380454728623,0.6432983926409278,0.5542867725324551,10.988643813703357,11.046279474324956,10.977244206305715,11.064780732150398
dataset\B41_6.jpg,0.032312109195235174,0.03129937958811216,0.032535608766931054,0.031182980702768835,636.0675442913389,802.2475664951336,656.693405511811,825.1499162998325,0.6692915442499028,0.5854463361713026,0.6610121536016279,0.5736064528868926,10.894141893775618,10.966018212024325,10.903806662841516,10.979298954430483
dataset\B42_1.jpg,0.01919429349722024,0.0184559488102569,0.019473596824564714,0.01835297924932194,2369.9700418307075,3298.1447702895384,2270.125984251968,3457.585715171429,0.7187522843740297,0.6085614596060893,0.7304649583301484,0.5896991635170958,12.170916991568408,12.269677300235019,12.140504500195117,12.281005843950162
dataset\B42_2.jpg,0.0199858975681999,0.019062694078848565,0.020153520450470266,0.019112437027745434,2172.419844980314,3119.145328290661,2116.9673966535415,3208.9063798127586,0.7245683309515564,0.6048247131262704,0.731461900146863,0.5934517460113803,12.064771872794106,12.177276931732566,12.038110749810533,12.170638262180367
dataset\B42_3.jpg,0.01975048330320189,0.01877948856266729,0.019816093034894313,0.018929948689058722,2019.5863681102353,3020.0465620931245,2004.6154035433065,2993.291524583049,0.730356222268629,0.5953806918849867,0.7320120024730207,0.5989802449204115,12.093519656489828,12.212567851609464,12.084264230647888,12.203769710606634
dataset\B42_4.jpg,0.017874109579625555,0.017453117499290006,0.018113646011594244,0.017420710947704317,2141.9825910433074,3137.066216132431,2127.7424950787386,3298.908921817843,0.7391472455676138,0.618156982048123,0.7410976088066197,0.5985424084250631,12.290751997824467,12.367354345809282,12.27679602749621,12.372765867076389
dataset\B42_5.jpg,0.02016891155361357,0.019333404333448278,0.020237652697467134,0.019383047510869382,2096.4876968503936,3047.7526195052387,2025.4712721456697,3119.016740033481,0.7304158280002797,0.6072822313896934,0.7382864229004558,0.5981254021468002,12.048270171043184,12.151376587998179,12.032402124839725,12.15590243537197
dataset\B42_6.jpg,0.016704669055332605,0.016307447002221014,0.016849925858405227,0.016154215296127594,2514.3505782480315,3460.470456940914,2397.99717027559,3625.132556265111,0.7060318553520293,0.5962673854503981,0.7193968147347706,0.5770552438106491,12.453123234314567,12.519397967007588,12.431602187145991,12.543842464695647
dataset\B43_1.jpg,0.01824769040231969,0.01773149349666262,0.019386929788596446,0.017736695700164645,2777.3342765748016,3227.1197842395686,1353.2152436023628,3202.657697315394,0.6599241131822567,0.6045497531118867,0.8342239611402145,0.6075323408072549,12.45172119495373,12.496464744787886,12.282256952460024,12.501571653867963
dataset\B43_2.jpg,0.01710801505489045,0.01680363500697002,0.018309385042196563,0.016611521416458854,3006.6640009842517,3459.542811085624,1445.87063238189,3486.4980469960938,0.6680834109331774,0.6178311313985708,0.8402229002337083,0.6148311676434906,12.570233662243385,12.610012266236655,12.396120795983398,12.623216989989938
dataset\B43_3.jpg,0.01677407103905589,0.016348411087353756,0.01784889791268815,0.016237050057388,3125.376045767717,3723.367846735692,1561.7871555118104,3629.0643561287125,0.6601630702738509,0.5947193596590457,0.829945479144324,0.6049830331992669,12.607331714576922,12.660702709725097,12.452516374104054,12.66525594632929
dataset\B43_4.jpg,0.016149260580607384,0.015838695888744956,0.017200445576751232,0.015574130030699459,3264.6329970472448,3597.4624589249206,1551.6342273622051,3928.4070308140626,0.6637647586085428,0.630081890571831,0.8404455990060198,0.5960443024234099,12.659015234868626,12.692180894536664,12.497036642535274,12.715833722922376
dataset\B43_5.jpg,0.017698156614270457,0.017296478967452945,0.018847324948356472,0.01720198999048235,2932.9746555118113,3404.8657077314165,1422.448634350393,3401.125922251845,0.6822973141081424,0.6316603856627458,0.846147891862329,0.6320822958455131,12.506997313758337,12.549298444948679,12.339433176566477,12.558825040401214
dataset\B43_6.jpg,0.01882221057407901,0.018282889406623974,0.02003487735438181,0.018179151078221826,2833.442298228346,3242.0923181846374,1305.9971702755909,3235.72626945254,0.6779636772674176,0.6323733738034324,0.851984052688374,0.633054881869404,12.389382046834061,12.435505176011727,12.203685567799614,12.453448220460455
dataset\B44_1.jpg,0.011952115666661808,0.011938364967518053,0.012051749883522117,0.011772352626072293,1397.7790354330705,1241.9424638849282,1296.3749384842515,1474.864343728688,0.5122271181809162,0.5668930702231534,0.5476977690565449,0.4856840135415356,13.03871371127175,13.028434457981664,13.016410448024205,13.063538369720728
dataset\B44_2.jpg,0.011585883235229869,0.011762879471489133,0.01166692828442028,0.011574445121498642,1549.0653297244091,1263.542129084259,1408.535125492125,1528.2537665075345,0.44123074553455827,0.5439445878187558,0.49105873479456014,0.4483619729879839,13.094993943194133,13.052666629914055,13.079297525059724,13.103148911864192
dataset\B44_3.jpg,0.012254146999592102,0.012247025596361923,0.012277285806561374,0.011924189060249358,1270.7594734251966,1216.645793291587,1291.4402066929126,1443.200508401017,0.542637723344764,0.5622790215030915,0.5352600670183277,0.48073582746388677,12.965163272333855,12.962925441437495,12.97031549031501,13.03387281557372
dataset\B44_4.jpg,0.012326503425459845,0.012191028114317166,0.012246115341213587,0.01199586243678573,1246.801673228346,1266.458366916735,1245.5938115157473,1441.2542005084015,0.5506144001499781,0.5428636022006016,0.5502699011677463,0.47976449480737915,12.958415128654902,12.984042326168634,12.973984011888545,13.013785908362648
dataset\B44_5.jpg,0.011753855041537071,0.011803657793446576,0.011764474688499874,0.011550175480298169,1472.8146530511817,1326.3991567983135,1389.2912155511808,1540.8454336908671,0.5109312499232557,0.5589930352139674,0.5378555403142687,0.4877083723372203,13.066227332337366,13.056340378230594,13.060015778730643,13.105281954800489
dataset\B44_6.jpg,0.011361943673813164,0.011387618658478002,0.011463406415524931,0.011234689353625888,1600.7741141732276,1423.7580755161503,1535.0605930118109,1670.1664083328183,0.458505994956265,0.5180641626956232,0.4794963703208308,0.4346203670551363,13.14072107811303,13.130536545918607,13.122660545505823,13.162073287356337
dataset\B45_1.jpg,0.022278554721536593,0.02062555060238754,0.022419599828025202,0.020723164666539166,280.44629675196853,445.1052142104284,265.9507874015748,458.92690185380366,0.7414315383030822,0.5892197768177935,0.7551374178699801,0.5764422210449156,11.587367858607978,11.7854154144169,11.577740794870383,11.793513405220521
dataset\B45_2.jpg,0.022994550409049568,0.021390402198074598,0.023006560800208267,0.021389144208689835,314.716473917323,506.83910967821936,299.73228346456705,521.7568355136711,0.7575006339629009,0.6097537612740718,0.7694664974048334,0.5982801750711405,11.585660008811596,11.770861676286295,11.584071270939955,11.77574114188921
dataset\B45_3.jpg,0.023232438457464876,0.02173323237191532,0.023391358133440978,0.02174048294294549,299.77460629921273,497.68001736003475,303.93793061023626,513.45365490731,0.7625151996859629,0.6052495637257514,0.7589728698031893,0.5927349841178495,11.55354919983086,11.750754804577227,11.551477267326021,11.752493695950191
dataset\B45_4.jpg,0.023387475159550968,0.02150278357508526,0.023370479563219918,0.021453565974451222,239.16104822834646,395.5658131316263,237.53358759842516,410.11439022878045,0.7816426484702642,0.6387580983091514,0.7830030479776198,0.6254850477179237,11.445620306407758,11.660850230041092,11.447951433762842,11.674182387350633
dataset\B45_5.jpg,0.0230029418904283,0.021720316827495062,0.02324986048888574,0.021721555637247297,320.4060039370079,501.90358980717974,303.1248769685039,520.1350362700728,0.7491853117567834,0.6067645608681629,0.7627386369761442,0.5924992575579971,11.589839206405781,11.752466255520737,11.567990960678118,11.753879149608272
dataset\B45_6.jpg,0.023550812251789007,0.0220742210073874,0.023694665180807383,0.022039539808338036,290.8483636811023,477.7880835761672,285.62327755905534,485.92882385764796,0.7791461585495838,0.63711155797512,0.7831511764833886,0.6309291240777857,11.506369565626354,11.688235348611972,11.490239237141523,11.689046509199116
dataset\B46_1.jpg,0.019038105351312156,0.018081834193731657,0.019103190367253168,0.018030953620367763,345.1716289370081,493.11122822245665,327.66572342519686,501.13950027900074,0.5485557466967462,0.3561595421221137,0.571917422528007,0.345677009003719,11.809823103237798,11.937425471360932,11.792540447624047,11.94059262758466
dataset\B46_2.jpg,0.017187020020747176,0.016341355640171,0.017260402494741783,0.016355698518694516,450.17611958661405,658.3158906317811,441.15409694881896,666.0662161324328,0.5209197876932684,0.2979574281417669,0.528991473991459,0.2896530662548086,12.09957370253275,12.209352860582952,12.088353239297273,12.215544253465133
dataset\B46_3.jpg,0.01655059451209328,0.015656351059053757,0.016530232707744515,0.015694851044607334,464.88650344488184,709.4167648335294,493.91166338582696,714.170004340009,0.549096235040754,0.31187249039263354,0.5206682891186759,0.30732521942265845,12.179018160691781,12.315032571204705,12.190555866792302,12.312976871914799
dataset\B46_4.jpg,0.018757361069782402,0.017754241883312233,0.018854350978404204,0.01761600173969189,338.1510826771651,493.17992435984877,329.4411294291337,515.5154690309383,0.572206415323469,0.377989013859695,0.5839490592650913,0.3497934222277262,11.840699085992986,11.97800939922438,11.82739747611444,11.989632552574447
dataset\B46_5.jpg,0.01691492920594585,0.016057074556641442,0.01683307379373629,0.015987979561562473,462.14536171259846,671.8519437038879,459.19082185039366,691.2614545229092,0.5208060699424086,0.30483440919189614,0.5242385788446204,0.2847402398856058,12.129079837913116,12.255772137572354,12.137924715602288,12.260614904700217
dataset\B46_6.jpg,0.016388608076128647,0.015613817571760655,0.01645152396936699,0.01555338328563786,486.3435039370079,714.0120900241806,491.02571358267693,729.9638539277076,0.5353814965788426,0.31887726633090674,0.5306220109238348,0.3036466346838126,12.204172528542946,12.322971283887687,12.19854805807935,12.330216940327842
dataset\B47_1.jpg,0.013150277153693506,0.012724836332353794,0.013537378639437206,0.012748377390234975,1567.4298720472432,1987.5475850951705,1288.6489911417318,1886.5628991257981,0.6416836461235446,0.54595785142295,0.7056233465516544,0.5690485059616436,12.915296965400476,12.986442359147048,12.853019241665088,12.978651264543643
dataset\B47_2.jpg,0.012972094622466629,0.012337401543489564,0.01322259504015434,0.012578998566030081,1572.9279650590552,2037.8106516213045,1374.4868356299212,1906.7156054312113,0.6626114900832286,0.5634862536296303,0.7056442320243896,0.5915998375576705,12.922680586685667,13.020430413055525,12.873516130433597,12.986867147342341
dataset\B47_3.jpg,0.012870764597068913,0.012447518940025413,0.01327400945487191,0.012523871581456361,1568.996924212599,1989.0877301754592,1283.9134473425192,1880.2982205964418,0.6369116481959769,0.5394634463350666,0.7031522129851571,0.5646823047480041,12.97849717661563,13.040029935732038,12.902314082450676,13.023125626555222
dataset\B47_4.jpg,0.013632367224220347,0.012957729261345098,0.0136855604211977,0.013094948717350584,1448.205278051181,1883.5052390104793,1373.1749507874015,1842.9557319114622,0.6747388723062829,0.5773034612002327,0.692230967882598,0.586418956351536,12.861074718134677,12.953379281510404,12.844529684130569,12.936269650342691
dataset\B47_5.jpg,0.013038726803542525,0.012481750645473317,0.013351893559501142,0.0128313297273288,1602.7675935039374,1976.40653481307,1334.864849901575,1874.494760989522,0.6183636605590589,0.5296230550800782,0.6826452504141939,0.5538693844852244,12.93512613157149,13.011508942978683,12.885307059030344,12.984009123481703
dataset\B47_6.jpg,0.013746808472655072,0.01335394014177673,0.01405577633055878,0.013474012104613927,1509.0708661417316,1805.1366482732967,1220.3384596456694,1790.090706181412,0.6405405693412642,0.5699977503851877,0.7086920805582357,0.5735666121877385,12.8426906724631,12.903049757255134,12.788330729335247,12.886016317656797
dataset\B48_1.jpg,0.011552192335901887,0.01145962902069103,0.011534489825823932,0.011453925124998786,2217.673597440943,2288.710459420919,2202.141855314959,2310.534317068634,0.11813913591103184,0.09076971638806379,0.1238155270990838,0.08212146637745661,13.108235312767887,13.123343981627334,13.110322897279545,13.126355678191869
dataset\B48_2.jpg,0.011435974447462836,0.011357197539147943,0.011355947045741775,0.011298491342790682,2167.635273129921,2311.891809783617,2231.3167445866143,2309.4077748155505,0.17524290675727822,0.12025737802170075,0.15185753563225798,0.12124533607702564,13.134181597938117,13.142790159772574,13.149367875814283,13.159510669199467
dataset\B48_3.jpg,0.011438290527198773,0.011329070102652036,0.011353280861037377,0.01131956556276546,2125.8927780511817,2303.2950585901176,2227.3641732283463,2335.3817967635946,0.18134656809855257,0.11386570296352405,0.14388188141201472,0.10144307725431266,13.131441691795224,13.152276364575668,13.148804243511188,13.156790334596227
dataset\B48_4.jpg,0.011449863898427635,0.011406843404894517,0.011405490831522423,0.011400775934569009,2202.1812869094497,2308.6372372744763,2337.5821850393704,2310.6142352284705,0.1314421145963795,0.09034892761784506,0.07984995791210706,0.08947038927294587,13.128035259446857,13.132254301084519,13.136851262260013,13.135202146636047
dataset\B48_5.jpg,0.011389221692322368,0.011307333700862923,0.011311874639958693,0.011292025240798314,2181.9459891732286,2318.848037696077,2312.3081938976393,2361.2699485398966,0.1589060815686365,0.10752653698885196,0.1108233881907693,0.09129324160185873,13.133841462101438,13.154181729040996,13.153053476589674,13.158338156790109
dataset\B48_6.jpg,0.011485173022870552,0.011440492976222428,0.01140648614742845,0.011404821273447161,2157.9795767716532,2300.221402442805,2233.1498523622054,2311.047678095356,0.15805477202053744,0.10250362194479411,0.12770937074997002,0.09839622795366694,13.123440438747654,13.131455489386854,13.137648634319707,13.134216618401611
dataset\B49_1.jpg,0.015085788728743783,0.015083115129194578,0.015138874362540423,0.014976976638775263,1084.016793799213,1144.9932419864836,1079.9241510826769,1243.8287556575115,0.328073861080596,0.2900105303842066,0.32999217099534145,0.22869418103196107,12.498281671659399,12.497522480851261,12.491161993599729,12.513157797500138
dataset\B49_2.jpg,0.01450076374057321,0.014388971894100726,0.014590518779895261,0.014327663910316691,1152.8272637795285,1216.8770537541072,1111.650652066929,1278.7299274598545,0.3486844028393211,0.31323172420480594,0.37249731816591036,0.27842449937954244,12.596573585786393,12.613912546698245,12.581232310642394,12.618969107814657
dataset\B49_3.jpg,0.015871062992125977,0.01539988729261244,0.01563904059466825,0.01528513691599483,775.491387795276,938.6791493582986,851.8966535433068,1043.836877673755,0.49086037887327616,0.38455724586471063,0.441334370239338,0.3156091928568921,12.39218721508388,12.452257908924098,12.42337596133941,12.478857114572815
dataset\B49_4.jpg,0.014241925323314742,0.014149210748301774,0.01427191869493031,0.014148395693773982,1195.5657603346465,1276.451608903218,1172.612389271653,1347.102052204104,0.35319786283753923,0.3101754826691606,0.36505338748076915,0.2720161294754288,12.636724718162705,12.64497103027969,12.625385219554392,12.647406712001349
dataset\B49_5.jpg,0.014201746806769916,0.014133444697462723,0.01421373241680834,0.014026697365815277,1195.8145300196843,1248.774691549385,1207.3802288385823,1349.3970487940976,0.3177314376678127,0.2892381564372881,0.31321714059357525,0.23194481214521323,12.637681595348843,12.635851921662791,12.635483492554648,12.66197440251553
dataset\B49_6.jpg,0.015998825769016678,0.015606922640391442,0.0158125389721149,0.015512797767863018,810.9746555118107,1000.9262818525632,897.4136934055125,1095.528241056482,0.49050707908762736,0.37190343980109486,0.4353763960975027,0.3125467454962636,12.389306325125611,12.439438661190735,12.420734989794463,12.459319270301588
dataset\B4_1.jpg,0.010782642034746789,0.010594404417671196,0.01097913934917608,0.01027052218409959,2594.300196850395,3521.205344410691,2412.4727485236217,3769.0386880773767,0.5289605451368559,0.36067650564939996,0.5617628476694,0.31569046520632205,13.292741485273082,13.32929259341708,13.272751288711756,13.400358919329713
dataset\B4_2.jpg,0.009907664579374125,0.00995116476108824,0.010035554774293453,0.009687308572323593,4517.175258366141,5738.603385206771,3030.890255905512,5477.937627875259,0.35492742258248144,0.18042872146080932,0.5668569026803019,0.21765961850431423,13.484008046801057,13.471254846331636,13.449769218065784,13.52773245740275
dataset\B4_3.jpg,0.00994997020036688,0.01003655433549228,0.010193068492720458,0.00973757296665498,4018.481545275589,5210.195548391099,2870.543922244094,4904.408208816418,0.3779705697673923,0.1933145015494447,0.5557750594990244,0.2407158294363398,13.473049743160304,13.457456487906704,13.417767795394331,13.514105245905235
dataset\B4_4.jpg,0.010137601170643865,0.010154969251218317,0.01033318090482089,0.009926024284850322,3536.1184793307098,4734.635811271624,2730.202325295276,4505.049786099572,0.42295254039339564,0.2271191987700448,0.5542737701619391,0.26457527048279766,13.42629743089011,13.425739098711514,13.382471032321424,13.474253847284505
dataset\B4_5.jpg,0.009880509239257387,0.009962746660679832,0.010063795890032017,0.009696827322040151,4315.815452755905,5494.246822493646,2991.271961122048,5264.824353648711,0.3613300336724758,0.18710777190664707,0.556986433935216,0.22105337000586536,13.487629188378198,13.473627957111924,13.446434993589218,13.52012319627582
dataset\B4_6.jpg,0.010021970771530978,0.009965447167094502,0.010143944985149492,0.009676588786607996,3902.50338336614,4999.906751813504,2905.915415846456,4994.813937627877,0.4156876269359144,0.2513605304406489,0.5648190763034375,0.25215660475010626,13.455518397666562,13.468938596215684,13.428514626130156,13.527003691889306
dataset\B50_1.jpg,0.01265222072594386,0.012585719749014474,0.012695515097947262,0.012476822138819647,1108.8424581692916,1236.3617707235412,1085.8513164370072,1266.4137268274542,0.34865654683886765,0.2732007764080261,0.36051147264904615,0.2555427077009469,12.855300586099089,12.868272842889274,12.846298114128556,12.893704929894085
dataset\B50_2.jpg,0.012969468899057578,0.012729668816478478,0.012861058469436904,0.0126308420207064,1050.9542322834645,1201.6083452166902,1052.1804872047246,1219.4736809473627,0.36475985300332825,0.2732249370600747,0.3636522530741098,0.2621505922012121,12.79651942456533,12.836270892051996,12.813661693846562,12.854456673856628
dataset\B50_3.jpg,0.014245113457218047,0.014015182542535122,0.014132833110865222,0.013844642960213465,758.2341904527556,941.7645855291704,796.2436638779527,960.0783061566126,0.4423599497023211,0.3058667860363764,0.4132890824862741,0.2925221367491466,12.565385095992811,12.608695574818151,12.582923987511911,12.632150448605366
dataset\B50_4.jpg,0.013737721311228197,0.013497385699347643,0.013690813093384045,0.013596133840863816,926.2447096456694,1011.8632277264553,914.8858882874016,1015.1954863909732,0.309332116777177,0.24302497088841993,0.3148022633072308,0.24046653041356847,12.639119766356432,12.681565900855839,12.65681464333041,12.665155719956797
dataset\B50_5.jpg,0.01355609462639509,0.013407374501745123,0.013498467185956984,0.013395901231345406,975.4584153543301,1076.6018352036708,1004.6980191929132,1070.9012338024672,0.30439424552076894,0.22941143419269563,0.2807804359899108,0.23361418014480295,12.683447474467291,12.711786241156805,12.695473604717764,12.712014453474753
dataset\B50_6.jpg,0.014904848105343744,0.014566335047348673,0.014828740778109114,0.014659457002149124,688.4282726377951,836.0546221092442,760.2522145669291,837.6578833157666,0.3959263183135014,0.26385599093970574,0.3304566679357948,0.2622783893601548,12.453725455229057,12.502961617328179,12.470393899882914,12.4960650434513
dataset\B5_1.jpg,0.014892910509410736,0.014852232908031273,0.016796615631563056,0.014089860684048742,2129.1284448818883,2635.5721991443997,1239.76033464567,3156.428854857709,0.7695780538338617,0.7146539815166286,0.8658343441724878,0.6582299039296867,12.68855192043142,12.721324396592529,12.473153560397613,12.79074810270301
dataset\B5_2.jpg,0.014285434901843225,0.01426797849381709,0.016079515231199288,0.013440591601461889,2260.812438484252,2728.991815983632,1251.6969734251968,3290.1736003472015,0.753267572393653,0.7022188673446181,0.8634403538894184,0.6409981193309178,12.769489815949672,12.78950648102966,12.551325750600139,12.872468071222803
dataset\B5_3.jpg,0.01464901672147765,0.014472613925113094,0.01657504132050625,0.013801818067195566,2134.513410433071,2667.509269018538,1203.039247047244,3070.7415834831677,0.7605764929511555,0.7005832709446054,0.8650678017322121,0.6553354042542071,12.73011430562344,12.779056339702215,12.507779554351837,12.842172509299402
dataset\B5_4.jpg,0.014025860354498482,0.01387598234975724,0.015870586118697926,0.013245844397729934,2352.232344980316,2973.940355880711,1278.207000492126,3249.7562775125552,0.7482619488650196,0.6815650636413243,0.8632031032284597,0.6520243792033481,12.819274739325158,12.857708349315873,12.590066477889112,12.923137863954535
dataset\B5_5.jpg,0.014695441412841142,0.014654736266624564,0.016489433668537418,0.01385851868827952,2309.395300196852,2806.0287680575375,1281.271222933071,3320.5655651311304,0.7539694000298914,0.7011507902822931,0.8634709993449836,0.6463390442687595,12.731866945132229,12.774090146247818,12.51705343065369,12.832889553379152
dataset\B5_6.jpg,0.014525794746348679,0.014467300826703496,0.01645773335020573,0.013536346661119126,2309.861220472439,2786.216876433754,1278.173351377952,3367.505053010109,0.7539717868553453,0.7030997881771801,0.8637863487053505,0.641194954402057,12.7510506602196,12.792284746007319,12.532472075896553,12.872051249071772
dataset\B6_1.jpg,0.02000728187251846,0.019703069731447285,0.020610438040491463,0.0181423211462577,538.1123892716533,634.5278690557384,380.2464936023622,899.7965155930314,0.8348540316393002,0.8053478625319921,0.8834207234723772,0.7239734358597145,11.939902296638646,11.99144956499992,11.802660348689765,12.120048116219573
dataset\B6_2.jpg,0.016819579985084848,0.01662447513431892,0.01763239225312714,0.015923654927501116,1085.539124015747,1149.1625023250049,540.8934547244095,1520.676855353711,0.7184568538019246,0.7020387424095672,0.859791541272999,0.60569430179178,12.38991772888423,12.414244149989951,12.20759628958233,12.467128658460322
dataset\B6_3.jpg,0.016970989719064977,0.017031762454971268,0.017748119539235545,0.01614850330822003,1194.979884350394,1240.8492156984314,575.9947711614174,1677.8719697439394,0.7074193485227993,0.6963945276487693,0.859218777726292,0.5894613226020117,12.387111189688335,12.400690351061407,12.212287771568793,12.458182076061727
dataset\B6_4.jpg,0.017184818109262805,0.017382716376737717,0.018059037241386296,0.016448739229588595,1125.995263287401,1184.549383098767,558.6614788385829,1592.069688139377,0.7176406468720864,0.7030497356965263,0.8598381907117496,0.6008819665783687,12.349404055055222,12.355314855305888,12.17027925720187,12.409852404615263
dataset\B6_5.jpg,0.016782641551756388,0.01675346145465946,0.017698156614270454,0.016041026938982166,1130.3248031496066,1188.4514229028457,555.8363065944877,1576.7645235290477,0.7145796935533391,0.700016325274576,0.859739903530775,0.6020648151670918,12.392710591705011,12.409016462344388,12.2076718947644,12.447923664815793
dataset\B6_6.jpg,0.01811636168500719,0.017882602806880577,0.018809137847113255,0.016822154438073257,873.7822957677167,956.7658875317748,477.54582923228355,1287.5449810899622,0.7630702405037318,0.7405725287829946,0.8704288072192694,0.6508892806858525,12.225829133195626,12.257079934931248,12.053540764168108,12.340267680276169
dataset\B7_1.jpg,0.011420411461982038,0.011468682318478026,0.012631866047073352,0.011388293760367282,2004.3295398622058,1748.4734949469894,723.3593749999993,2110.6318432636876,0.08848269843080943,0.20512119947879198,0.6711909514532286,0.04038001559742597,13.097245042361912,13.09311394218222,12.84478448165056,13.105482749619794
dataset\B7_2.jpg,0.011578368526118448,0.011661133904026308,0.012779887400268582,0.011599326798439237,2005.346948818898,1783.3928327856659,719.4512795275589,2089.044020088041,0.038845286399457904,0.145006694993967,0.6550967113862503,-0.0014589535656063131,13.060065714554174,13.041600118026391,12.806400386357584,13.059374191651711
dataset\B7_3.jpg,0.011553502553932178,0.011602640323844893,0.012797049960253538,0.011507830973739811,1996.6956815944884,1822.742513485028,694.6536048228347,2124.3536487072984,0.07012010029075037,0.1511160254865406,0.6767055482316221,0.01077338549651987,13.0706731617246,13.060681144338988,12.808980980758179,13.07891358031147
